,images,label
0,[0 0 0 ... 0 0 0],9
1,[0 0 0 ... 0 0 0],9
2,[0 0 0 ... 0 0 0],9
3,[0 0 0 ... 0 0 0],9
4,[0 0 0 ... 0 0 0],9
5,[0 0 0 ... 0 0 0],9
6,[0 0 0 ... 0 0 0],9
7,[0 0 0 ... 0 0 0],9
8,[0 0 0 ... 0 0 0],9
9,[0 0 0 ... 0 0 0],9
10,[0 0 0 ... 0 0 0],9
11,[0 0 0 ... 0 0 0],9
12,[0 0 0 ... 0 0 0],9
13,[0 0 0 ... 0 0 0],9
14,[0 0 0 ... 0 0 0],9
15,[0 0 0 ... 0 0 0],9
16,[0 0 0 ... 0 0 0],9
17,[0 0 0 ... 0 0 0],9
18,[0 0 0 ... 0 0 0],9
19,[0 0 0 ... 0 0 0],9
20,[0 0 0 ... 0 0 0],9
21,[0 0 0 ... 0 0 0],9
22,[0 0 0 ... 0 0 0],9
23,[0 0 0 ... 0 0 0],9
24,[0 0 0 ... 0 0 0],9
25,[0 0 0 ... 0 0 0],9
26,[0 0 0 ... 0 0 0],9
27,[0 0 0 ... 0 0 0],9
28,[0 0 0 ... 0 0 0],9
29,[0 0 0 ... 0 0 0],9
30,[0 0 0 ... 0 0 0],9
31,[0 0 0 ... 0 0 0],9
32,[0 0 0 ... 0 0 0],9
33,[0 0 0 ... 0 0 0],9
34,[0 0 0 ... 0 0 0],9
35,[0 0 0 ... 0 0 0],9
36,[0 0 0 ... 0 0 0],9
37,[0 0 0 ... 0 0 0],9
38,[0 0 0 ... 0 0 0],9
39,[0 0 0 ... 0 0 0],9
40,[0 0 0 ... 0 0 0],9
41,[0 0 0 ... 0 0 0],9
42,[0 0 0 ... 0 0 0],9
43,[0 0 0 ... 0 0 0],9
44,[0 0 0 ... 0 0 0],9
45,[0 0 0 ... 0 0 0],9
46,[0 0 0 ... 0 0 0],9
47,[0 0 0 ... 0 0 0],9
48,[0 0 0 ... 0 0 0],9
49,[0 0 0 ... 0 0 0],9
50,[0 0 0 ... 0 0 0],9
51,[0 0 0 ... 0 0 0],9
52,[0 0 0 ... 0 0 0],9
53,[0 0 0 ... 0 0 0],9
54,[0 0 0 ... 0 0 0],9
55,[0 0 0 ... 0 0 0],9
56,[0 0 0 ... 0 0 0],9
57,[0 0 0 ... 0 0 0],9
58,[0 0 0 ... 0 0 0],9
59,[0 0 0 ... 0 0 0],9
60,[0 0 0 ... 0 0 0],9
61,[0 0 0 ... 0 0 0],9
62,[0 0 0 ... 0 0 0],9
63,[0 0 0 ... 0 0 0],9
64,[0 0 0 ... 0 0 0],9
65,[0 0 0 ... 0 0 0],9
66,[0 0 0 ... 0 0 0],9
67,[0 0 0 ... 0 0 0],9
68,[0 0 0 ... 0 0 0],9
69,[0 0 0 ... 0 0 0],9
70,[0 0 0 ... 0 0 0],0
71,[0 0 0 ... 0 0 0],0
72,[0 0 0 ... 0 0 0],0
73,[0 0 0 ... 0 0 0],0
74,[0 0 0 ... 0 0 0],0
75,[0 0 0 ... 0 0 0],0
76,[0 0 0 ... 0 0 0],0
77,[0 0 0 ... 0 0 0],0
78,[0 0 0 ... 0 0 0],0
79,[0 0 0 ... 0 0 0],0
80,[0 0 0 ... 0 0 0],0
81,[0 0 0 ... 0 0 0],0
82,[0 0 0 ... 0 0 0],0
83,[0 0 0 ... 0 0 0],0
84,[0 0 0 ... 0 0 0],0
85,[0 0 0 ... 0 0 0],0
86,[0 0 0 ... 0 0 0],0
87,[0 0 0 ... 0 0 0],0
88,[0 0 0 ... 0 0 0],0
89,[0 0 0 ... 0 0 0],0
90,[0 0 0 ... 0 0 0],0
91,[0 0 0 ... 0 0 0],0
92,[0 0 0 ... 0 0 0],0
93,[0 0 0 ... 0 0 0],0
94,[0 0 0 ... 0 0 0],0
95,[0 0 0 ... 0 0 0],0
96,[0 0 0 ... 0 0 0],0
97,[0 0 0 ... 0 0 0],0
98,[0 0 0 ... 0 0 0],0
99,[0 0 0 ... 0 0 0],0
100,[0 0 0 ... 0 0 0],0
101,[0 0 0 ... 0 0 0],0
102,[0 0 0 ... 0 0 0],0
103,[0 0 0 ... 0 0 0],0
104,[0 0 0 ... 0 0 0],0
105,[0 0 0 ... 0 0 0],0
106,[0 0 0 ... 0 0 0],0
107,[0 0 0 ... 0 0 0],0
108,[0 0 0 ... 0 0 0],0
109,[0 0 0 ... 0 0 0],0
110,[0 0 0 ... 0 0 0],0
111,[0 0 0 ... 0 0 0],0
112,[0 0 0 ... 0 0 0],0
113,[0 0 0 ... 0 0 0],0
114,[0 0 0 ... 0 0 0],0
115,[0 0 0 ... 0 0 0],0
116,[0 0 0 ... 0 0 0],0
117,[0 0 0 ... 0 0 0],0
118,[0 0 0 ... 0 0 0],0
119,[0 0 0 ... 0 0 0],0
120,[0 0 0 ... 0 0 0],0
121,[0 0 0 ... 0 0 0],0
122,[0 0 0 ... 0 0 0],0
123,[0 0 0 ... 0 0 0],0
124,[0 0 0 ... 0 0 0],0
125,[0 0 0 ... 0 0 0],0
126,[0 0 0 ... 0 0 0],0
127,[0 0 0 ... 0 0 0],0
128,[0 0 0 ... 0 0 0],0
129,[0 0 0 ... 0 0 0],0
130,[0 0 0 ... 0 0 0],0
131,[0 0 0 ... 0 0 0],0
132,[0 0 0 ... 0 0 0],0
133,[0 0 0 ... 0 0 0],0
134,[0 0 0 ... 0 0 0],0
135,[0 0 0 ... 0 0 0],0
136,[0 0 0 ... 0 0 0],0
137,[0 0 0 ... 0 0 0],0
138,[0 0 0 ... 0 0 0],0
139,[0 0 0 ... 0 0 0],0
140,[0 0 0 ... 0 0 0],7
141,[0 0 0 ... 0 0 0],7
142,[0 0 0 ... 0 0 0],7
143,[0 0 0 ... 0 0 0],7
144,[0 0 0 ... 0 0 0],7
145,[0 0 0 ... 0 0 0],7
146,[0 0 0 ... 0 0 0],7
147,[0 0 0 ... 0 0 0],7
148,[0 0 0 ... 0 0 0],7
149,[0 0 0 ... 0 0 0],7
150,[0 0 0 ... 0 0 0],7
151,[0 0 0 ... 0 0 0],7
152,[0 0 0 ... 0 0 0],7
153,[0 0 0 ... 0 0 0],7
154,[0 0 0 ... 0 0 0],7
155,[0 0 0 ... 0 0 0],7
156,[0 0 0 ... 0 0 0],7
157,[0 0 0 ... 0 0 0],7
158,[0 0 0 ... 0 0 0],7
159,[0 0 0 ... 0 0 0],7
160,[0 0 0 ... 0 0 0],7
161,[0 0 0 ... 0 0 0],7
162,[0 0 0 ... 0 0 0],7
163,[0 0 0 ... 0 0 0],7
164,[0 0 0 ... 0 0 0],7
165,[0 0 0 ... 0 0 0],7
166,[0 0 0 ... 0 0 0],7
167,[0 0 0 ... 0 0 0],7
168,[0 0 0 ... 0 0 0],7
169,[0 0 0 ... 0 0 0],7
170,[0 0 0 ... 0 0 0],7
171,[0 0 0 ... 0 0 0],7
172,[0 0 0 ... 0 0 0],7
173,[0 0 0 ... 0 0 0],7
174,[0 0 0 ... 0 0 0],7
175,[0 0 0 ... 0 0 0],7
176,[0 0 0 ... 0 0 0],7
177,[0 0 0 ... 0 0 0],7
178,[0 0 0 ... 0 0 0],7
179,[0 0 0 ... 0 0 0],7
180,[0 0 0 ... 0 0 0],7
181,[0 0 0 ... 0 0 0],7
182,[0 0 0 ... 0 0 0],7
183,[0 0 0 ... 0 0 0],7
184,[0 0 0 ... 0 0 0],7
185,[0 0 0 ... 0 0 0],7
186,[0 0 0 ... 0 0 0],7
187,[0 0 0 ... 0 0 0],7
188,[0 0 0 ... 0 0 0],7
189,[0 0 0 ... 0 0 0],7
190,[0 0 0 ... 0 0 0],7
191,[0 0 0 ... 0 0 0],7
192,[0 0 0 ... 0 0 0],7
193,[0 0 0 ... 0 0 0],7
194,[0 0 0 ... 0 0 0],7
195,[0 0 0 ... 0 0 0],7
196,[0 0 0 ... 0 0 0],7
197,[0 0 0 ... 0 0 0],7
198,[0 0 0 ... 0 0 0],7
199,[0 0 0 ... 0 0 0],7
200,[0 0 0 ... 0 0 0],7
201,[0 0 0 ... 0 0 0],7
202,[0 0 0 ... 0 0 0],7
203,[0 0 0 ... 0 0 0],7
204,[0 0 0 ... 0 0 0],7
205,[0 0 0 ... 0 0 0],7
206,[0 0 0 ... 0 0 0],7
207,[0 0 0 ... 0 0 0],7
208,[0 0 0 ... 0 0 0],7
209,[0 0 0 ... 0 0 0],7
210,[0 0 0 ... 0 0 0],6
211,[0 0 0 ... 0 0 0],6
212,[0 0 0 ... 0 0 0],6
213,[0 0 0 ... 0 0 0],6
214,[0 0 0 ... 0 0 0],6
215,[0 0 0 ... 0 0 0],6
216,[0 0 0 ... 0 0 0],6
217,[0 0 0 ... 0 0 0],6
218,[0 0 0 ... 0 0 0],6
219,[0 0 0 ... 0 0 0],6
220,[0 0 0 ... 0 0 0],6
221,[0 0 0 ... 0 0 0],6
222,[0 0 0 ... 0 0 0],6
223,[0 0 0 ... 0 0 0],6
224,[0 0 0 ... 0 0 0],6
225,[0 0 0 ... 0 0 0],6
226,[0 0 0 ... 0 0 0],6
227,[0 0 0 ... 0 0 0],6
228,[0 0 0 ... 0 0 0],6
229,[0 0 0 ... 0 0 0],6
230,[0 0 0 ... 0 0 0],6
231,[0 0 0 ... 0 0 0],6
232,[0 0 0 ... 0 0 0],6
233,[0 0 0 ... 0 0 0],6
234,[0 0 0 ... 0 0 0],6
235,[0 0 0 ... 0 0 0],6
236,[0 0 0 ... 0 0 0],6
237,[0 0 0 ... 0 0 0],6
238,[0 0 0 ... 0 0 0],6
239,[0 0 0 ... 0 0 0],6
240,[0 0 0 ... 0 0 0],6
241,[0 0 0 ... 0 0 0],6
242,[0 0 0 ... 0 0 0],6
243,[0 0 0 ... 0 0 0],6
244,[0 0 0 ... 0 0 0],6
245,[0 0 0 ... 0 0 0],6
246,[0 0 0 ... 0 0 0],6
247,[0 0 0 ... 0 0 0],6
248,[0 0 0 ... 0 0 0],6
249,[0 0 0 ... 0 0 0],6
250,[0 0 0 ... 0 0 0],6
251,[0 0 0 ... 0 0 0],6
252,[0 0 0 ... 0 0 0],6
253,[0 0 0 ... 0 0 0],6
254,[0 0 0 ... 0 0 0],6
255,[0 0 0 ... 0 0 0],6
256,[0 0 0 ... 0 0 0],6
257,[0 0 0 ... 0 0 0],6
258,[0 0 0 ... 0 0 0],6
259,[0 0 0 ... 0 0 0],6
260,[0 0 0 ... 0 0 0],6
261,[0 0 0 ... 0 0 0],6
262,[0 0 0 ... 0 0 0],6
263,[0 0 0 ... 0 0 0],6
264,[0 0 0 ... 0 0 0],6
265,[0 0 0 ... 0 0 0],6
266,[0 0 0 ... 0 0 0],6
267,[0 0 0 ... 0 0 0],6
268,[0 0 0 ... 0 0 0],6
269,[0 0 0 ... 0 0 0],6
270,[0 0 0 ... 0 0 0],6
271,[0 0 0 ... 0 0 0],6
272,[0 0 0 ... 0 0 0],6
273,[0 0 0 ... 0 0 0],6
274,[0 0 0 ... 0 0 0],6
275,[0 0 0 ... 0 0 0],6
276,[0 0 0 ... 0 0 0],6
277,[0 0 0 ... 0 0 0],6
278,[0 0 0 ... 0 0 0],6
279,[0 0 0 ... 0 0 0],6
280,[0 0 0 ... 0 0 0],1
281,[0 0 0 ... 0 0 0],1
282,[0 0 0 ... 0 0 0],1
283,[0 0 0 ... 0 0 0],1
284,[0 0 0 ... 0 0 0],1
285,[0 0 0 ... 0 0 0],1
286,[0 0 0 ... 0 0 0],1
287,[0 0 0 ... 0 0 0],1
288,[0 0 0 ... 0 0 0],1
289,[0 0 0 ... 0 0 0],1
290,[0 0 0 ... 0 0 0],1
291,[0 0 0 ... 0 0 0],1
292,[0 0 0 ... 0 0 0],1
293,[0 0 0 ... 0 0 0],1
294,[0 0 0 ... 0 0 0],1
295,[0 0 0 ... 0 0 0],1
296,[0 0 0 ... 0 0 0],1
297,[0 0 0 ... 0 0 0],1
298,[0 0 0 ... 0 0 0],1
299,[0 0 0 ... 0 0 0],1
300,[0 0 0 ... 0 0 0],1
301,[0 0 0 ... 0 0 0],1
302,[0 0 0 ... 0 0 0],1
303,[0 0 0 ... 0 0 0],1
304,[0 0 0 ... 0 0 0],1
305,[0 0 0 ... 0 0 0],1
306,[0 0 0 ... 0 0 0],1
307,[0 0 0 ... 0 0 0],1
308,[0 0 0 ... 0 0 0],1
309,[0 0 0 ... 0 0 0],1
310,[0 0 0 ... 0 0 0],1
311,[0 0 0 ... 0 0 0],1
312,[0 0 0 ... 0 0 0],1
313,[0 0 0 ... 0 0 0],1
314,[0 0 0 ... 0 0 0],1
315,[0 0 0 ... 0 0 0],1
316,[0 0 0 ... 0 0 0],1
317,[0 0 0 ... 0 0 0],1
318,[0 0 0 ... 0 0 0],1
319,[0 0 0 ... 0 0 0],1
320,[0 0 0 ... 0 0 0],1
321,[0 0 0 ... 0 0 0],1
322,[0 0 0 ... 0 0 0],1
323,[0 0 0 ... 0 0 0],1
324,[0 0 0 ... 0 0 0],1
325,[0 0 0 ... 0 0 0],1
326,[0 0 0 ... 0 0 0],1
327,[0 0 0 ... 0 0 0],1
328,[0 0 0 ... 0 0 0],1
329,[0 0 0 ... 0 0 0],1
330,[0 0 0 ... 0 0 0],1
331,[0 0 0 ... 0 0 0],1
332,[0 0 0 ... 0 0 0],1
333,[0 0 0 ... 0 0 0],1
334,[0 0 0 ... 0 0 0],1
335,[0 0 0 ... 0 0 0],1
336,[0 0 0 ... 0 0 0],1
337,[0 0 0 ... 0 0 0],1
338,[0 0 0 ... 0 0 0],1
339,[0 0 0 ... 0 0 0],1
340,[0 0 0 ... 0 0 0],1
341,[0 0 0 ... 0 0 0],1
342,[0 0 0 ... 0 0 0],1
343,[0 0 0 ... 0 0 0],1
344,[0 0 0 ... 0 0 0],1
345,[0 0 0 ... 0 0 0],1
346,[0 0 0 ... 0 0 0],1
347,[0 0 0 ... 0 0 0],1
348,[0 0 0 ... 0 0 0],1
349,[0 0 0 ... 0 0 0],1
350,[0 0 0 ... 0 0 0],8
351,[0 0 0 ... 0 0 0],8
352,[0 0 0 ... 0 0 0],8
353,[0 0 0 ... 0 0 0],8
354,[0 0 0 ... 0 0 0],8
355,[0 0 0 ... 0 0 0],8
356,[0 0 0 ... 0 0 0],8
357,[0 0 0 ... 0 0 0],8
358,[0 0 0 ... 0 0 0],8
359,[0 0 0 ... 0 0 0],8
360,[0 0 0 ... 0 0 0],8
361,[0 0 0 ... 0 0 0],8
362,[0 0 0 ... 0 0 0],8
363,[0 0 0 ... 0 0 0],8
364,[0 0 0 ... 0 0 0],8
365,[0 0 0 ... 0 0 0],8
366,[0 0 0 ... 0 0 0],8
367,[0 0 0 ... 0 0 0],8
368,[0 0 0 ... 0 0 0],8
369,[0 0 0 ... 0 0 0],8
370,[0 0 0 ... 0 0 0],8
371,[0 0 0 ... 0 0 0],8
372,[0 0 0 ... 0 0 0],8
373,[0 0 0 ... 0 0 0],8
374,[0 0 0 ... 0 0 0],8
375,[0 0 0 ... 0 0 0],8
376,[0 0 0 ... 0 0 0],8
377,[0 0 0 ... 0 0 0],8
378,[0 0 0 ... 0 0 0],8
379,[0 0 0 ... 0 0 0],8
380,[0 0 0 ... 0 0 0],8
381,[0 0 0 ... 0 0 0],8
382,[0 0 0 ... 0 0 0],8
383,[0 0 0 ... 0 0 0],8
384,[0 0 0 ... 0 0 0],8
385,[0 0 0 ... 0 0 0],8
386,[0 0 0 ... 0 0 0],8
387,[0 0 0 ... 0 0 0],8
388,[0 0 0 ... 0 0 0],8
389,[0 0 0 ... 0 0 0],8
390,[0 0 0 ... 0 0 0],8
391,[0 0 0 ... 0 0 0],8
392,[0 0 0 ... 0 0 0],8
393,[0 0 0 ... 0 0 0],8
394,[0 0 0 ... 0 0 0],8
395,[0 0 0 ... 0 0 0],8
396,[0 0 0 ... 0 0 0],8
397,[0 0 0 ... 0 0 0],8
398,[0 0 0 ... 0 0 0],8
399,[0 0 0 ... 0 0 0],8
400,[0 0 0 ... 0 0 0],8
401,[0 0 0 ... 0 0 0],8
402,[0 0 0 ... 0 0 0],8
403,[0 0 0 ... 0 0 0],8
404,[0 0 0 ... 0 0 0],8
405,[0 0 0 ... 0 0 0],8
406,[0 0 0 ... 0 0 0],8
407,[0 0 0 ... 0 0 0],8
408,[0 0 0 ... 0 0 0],8
409,[0 0 0 ... 0 0 0],8
410,[0 0 0 ... 0 0 0],8
411,[0 0 0 ... 0 0 0],8
412,[0 0 0 ... 0 0 0],8
413,[0 0 0 ... 0 0 0],8
414,[0 0 0 ... 0 0 0],8
415,[0 0 0 ... 0 0 0],8
416,[0 0 0 ... 0 0 0],8
417,[0 0 0 ... 0 0 0],8
418,[0 0 0 ... 0 0 0],8
419,[0 0 0 ... 0 0 0],8
420,[0 0 0 ... 0 0 0],4
421,[0 0 0 ... 0 0 0],4
422,[0 0 0 ... 0 0 0],4
423,[0 0 0 ... 0 0 0],4
424,[0 0 0 ... 0 0 0],4
425,[0 0 0 ... 0 0 0],4
426,[0 0 0 ... 0 0 0],4
427,[0 0 0 ... 0 0 0],4
428,[0 0 0 ... 0 0 0],4
429,[0 0 0 ... 0 0 0],4
430,[0 0 0 ... 0 0 0],4
431,[0 0 0 ... 0 0 0],4
432,[0 0 0 ... 0 0 0],4
433,[0 0 0 ... 0 0 0],4
434,[0 0 0 ... 0 0 0],4
435,[0 0 0 ... 0 0 0],4
436,[0 0 0 ... 0 0 0],4
437,[0 0 0 ... 0 0 0],4
438,[0 0 0 ... 0 0 0],4
439,[0 0 0 ... 0 0 0],4
440,[0 0 0 ... 0 0 0],4
441,[0 0 0 ... 0 0 0],4
442,[0 0 0 ... 0 0 0],4
443,[0 0 0 ... 0 0 0],4
444,[0 0 0 ... 0 0 0],4
445,[0 0 0 ... 0 0 0],4
446,[0 0 0 ... 0 0 0],4
447,[0 0 0 ... 0 0 0],4
448,[0 0 0 ... 0 0 0],4
449,[0 0 0 ... 0 0 0],4
450,[0 0 0 ... 0 0 0],4
451,[0 0 0 ... 0 0 0],4
452,[0 0 0 ... 0 0 0],4
453,[0 0 0 ... 0 0 0],4
454,[0 0 0 ... 0 0 0],4
455,[0 0 0 ... 0 0 0],4
456,[0 0 0 ... 0 0 0],4
457,[0 0 0 ... 0 0 0],4
458,[0 0 0 ... 0 0 0],4
459,[0 0 0 ... 0 0 0],4
460,[0 0 0 ... 0 0 0],4
461,[0 0 0 ... 0 0 0],4
462,[0 0 0 ... 0 0 0],4
463,[0 0 0 ... 0 0 0],4
464,[0 0 0 ... 0 0 0],4
465,[0 0 0 ... 0 0 0],4
466,[0 0 0 ... 0 0 0],4
467,[0 0 0 ... 0 0 0],4
468,[0 0 0 ... 0 0 0],4
469,[0 0 0 ... 0 0 0],4
470,[0 0 0 ... 0 0 0],4
471,[0 0 0 ... 0 0 0],4
472,[0 0 0 ... 0 0 0],4
473,[0 0 0 ... 0 0 0],4
474,[0 0 0 ... 0 0 0],4
475,[0 0 0 ... 0 0 0],4
476,[0 0 0 ... 0 0 0],4
477,[0 0 0 ... 0 0 0],4
478,[0 0 0 ... 0 0 0],4
479,[0 0 0 ... 0 0 0],4
480,[0 0 0 ... 0 0 0],4
481,[0 0 0 ... 0 0 0],4
482,[0 0 0 ... 0 0 0],4
483,[0 0 0 ... 0 0 0],4
484,[0 0 0 ... 0 0 0],4
485,[0 0 0 ... 0 0 0],4
486,[0 0 0 ... 0 0 0],4
487,[0 0 0 ... 0 0 0],4
488,[0 0 0 ... 0 0 0],4
489,[0 0 0 ... 0 0 0],4
490,[0 0 0 ... 0 0 0],3
491,[0 0 0 ... 0 0 0],3
492,[0 0 0 ... 0 0 0],3
493,[0 0 0 ... 0 0 0],3
494,[0 0 0 ... 0 0 0],3
495,[0 0 0 ... 0 0 0],3
496,[0 0 0 ... 0 0 0],3
497,[0 0 0 ... 0 0 0],3
498,[0 0 0 ... 0 0 0],3
499,[0 0 0 ... 0 0 0],3
500,[0 0 0 ... 0 0 0],3
501,[0 0 0 ... 0 0 0],3
502,[0 0 0 ... 0 0 0],3
503,[0 0 0 ... 0 0 0],3
504,[0 0 0 ... 0 0 0],3
505,[0 0 0 ... 0 0 0],3
506,[0 0 0 ... 0 0 0],3
507,[0 0 0 ... 0 0 0],3
508,[0 0 0 ... 0 0 0],3
509,[0 0 0 ... 0 0 0],3
510,[0 0 0 ... 0 0 0],3
511,[0 0 0 ... 0 0 0],3
512,[0 0 0 ... 0 0 0],3
513,[0 0 0 ... 0 0 0],3
514,[0 0 0 ... 0 0 0],3
515,[0 0 0 ... 0 0 0],3
516,[0 0 0 ... 0 0 0],3
517,[0 0 0 ... 0 0 0],3
518,[0 0 0 ... 0 0 0],3
519,[0 0 0 ... 0 0 0],3
520,[0 0 0 ... 0 0 0],3
521,[0 0 0 ... 0 0 0],3
522,[0 0 0 ... 0 0 0],3
523,[0 0 0 ... 0 0 0],3
524,[0 0 0 ... 0 0 0],3
525,[0 0 0 ... 0 0 0],3
526,[0 0 0 ... 0 0 0],3
527,[0 0 0 ... 0 0 0],3
528,[0 0 0 ... 0 0 0],3
529,[0 0 0 ... 0 0 0],3
530,[0 0 0 ... 0 0 0],3
531,[0 0 0 ... 0 0 0],3
532,[0 0 0 ... 0 0 0],3
533,[0 0 0 ... 0 0 0],3
534,[0 0 0 ... 0 0 0],3
535,[0 0 0 ... 0 0 0],3
536,[0 0 0 ... 0 0 0],3
537,[0 0 0 ... 0 0 0],3
538,[0 0 0 ... 0 0 0],3
539,[0 0 0 ... 0 0 0],3
540,[0 0 0 ... 0 0 0],3
541,[0 0 0 ... 0 0 0],3
542,[0 0 0 ... 0 0 0],3
543,[0 0 0 ... 0 0 0],3
544,[0 0 0 ... 0 0 0],3
545,[0 0 0 ... 0 0 0],3
546,[0 0 0 ... 0 0 0],3
547,[0 0 0 ... 0 0 0],3
548,[0 0 0 ... 0 0 0],3
549,[0 0 0 ... 0 0 0],3
550,[0 0 0 ... 0 0 0],3
551,[0 0 0 ... 0 0 0],3
552,[0 0 0 ... 0 0 0],3
553,[0 0 0 ... 0 0 0],3
554,[0 0 0 ... 0 0 0],3
555,[0 0 0 ... 0 0 0],3
556,[0 0 0 ... 0 0 0],3
557,[0 0 0 ... 0 0 0],3
558,[0 0 0 ... 0 0 0],3
559,[0 0 0 ... 0 0 0],3
560,[0 0 0 ... 0 0 0],2
561,[0 0 0 ... 0 0 0],2
562,[0 0 0 ... 0 0 0],2
563,[0 0 0 ... 0 0 0],2
564,[0 0 0 ... 0 0 0],2
565,[0 0 0 ... 0 0 0],2
566,[0 0 0 ... 0 0 0],2
567,[0 0 0 ... 0 0 0],2
568,[0 0 0 ... 0 0 0],2
569,[0 0 0 ... 0 0 0],2
570,[0 0 0 ... 0 0 0],2
571,[0 0 0 ... 0 0 0],2
572,[0 0 0 ... 0 0 0],2
573,[0 0 0 ... 0 0 0],2
574,[0 0 0 ... 0 0 0],2
575,[0 0 0 ... 0 0 0],2
576,[0 0 0 ... 0 0 0],2
577,[0 0 0 ... 0 0 0],2
578,[0 0 0 ... 0 0 0],2
579,[0 0 0 ... 0 0 0],2
580,[0 0 0 ... 0 0 0],2
581,[0 0 0 ... 0 0 0],2
582,[0 0 0 ... 0 0 0],2
583,[0 0 0 ... 0 0 0],2
584,[0 0 0 ... 0 0 0],2
585,[0 0 0 ... 0 0 0],2
586,[0 0 0 ... 0 0 0],2
587,[0 0 0 ... 0 0 0],2
588,[0 0 0 ... 0 0 0],2
589,[0 0 0 ... 0 0 0],2
590,[0 0 0 ... 0 0 0],2
591,[0 0 0 ... 0 0 0],2
592,[0 0 0 ... 0 0 0],2
593,[0 0 0 ... 0 0 0],2
594,[0 0 0 ... 0 0 0],2
595,[0 0 0 ... 0 0 0],2
596,[0 0 0 ... 0 0 0],2
597,[0 0 0 ... 0 0 0],2
598,[0 0 0 ... 0 0 0],2
599,[0 0 0 ... 0 0 0],2
600,[0 0 0 ... 0 0 0],2
601,[0 0 0 ... 0 0 0],2
602,[0 0 0 ... 0 0 0],2
603,[0 0 0 ... 0 0 0],2
604,[0 0 0 ... 0 0 0],2
605,[0 0 0 ... 0 0 0],2
606,[0 0 0 ... 0 0 0],2
607,[0 0 0 ... 0 0 0],2
608,[0 0 0 ... 0 0 0],2
609,[0 0 0 ... 0 0 0],2
610,[0 0 0 ... 0 0 0],2
611,[0 0 0 ... 0 0 0],2
612,[0 0 0 ... 0 0 0],2
613,[0 0 0 ... 0 0 0],2
614,[0 0 0 ... 0 0 0],2
615,[0 0 0 ... 0 0 0],2
616,[0 0 0 ... 0 0 0],2
617,[0 0 0 ... 0 0 0],2
618,[0 0 0 ... 0 0 0],2
619,[0 0 0 ... 0 0 0],2
620,[0 0 0 ... 0 0 0],2
621,[0 0 0 ... 0 0 0],2
622,[0 0 0 ... 0 0 0],2
623,[0 0 0 ... 0 0 0],2
624,[0 0 0 ... 0 0 0],2
625,[0 0 0 ... 0 0 0],2
626,[0 0 0 ... 0 0 0],2
627,[0 0 0 ... 0 0 0],2
628,[0 0 0 ... 0 0 0],2
629,[0 0 0 ... 0 0 0],2
630,[0 0 0 ... 0 0 0],5
631,[0 0 0 ... 0 0 0],5
632,[0 0 0 ... 0 0 0],5
633,[0 0 0 ... 0 0 0],5
634,[0 0 0 ... 0 0 0],5
635,[0 0 0 ... 0 0 0],5
636,[0 0 0 ... 0 0 0],5
637,[0 0 0 ... 0 0 0],5
638,[0 0 0 ... 0 0 0],5
639,[0 0 0 ... 0 0 0],5
640,[0 0 0 ... 0 0 0],5
641,[0 0 0 ... 0 0 0],5
642,[0 0 0 ... 0 0 0],5
643,[0 0 0 ... 0 0 0],5
644,[0 0 0 ... 0 0 0],5
645,[0 0 0 ... 0 0 0],5
646,[0 0 0 ... 0 0 0],5
647,[0 0 0 ... 0 0 0],5
648,[0 0 0 ... 0 0 0],5
649,[0 0 0 ... 0 0 0],5
650,[0 0 0 ... 0 0 0],5
651,[0 0 0 ... 0 0 0],5
652,[0 0 0 ... 0 0 0],5
653,[0 0 0 ... 0 0 0],5
654,[0 0 0 ... 0 0 0],5
655,[0 0 0 ... 0 0 0],5
656,[0 0 0 ... 0 0 0],5
657,[0 0 0 ... 0 0 0],5
658,[0 0 0 ... 0 0 0],5
659,[0 0 0 ... 0 0 0],5
660,[0 0 0 ... 0 0 0],5
661,[0 0 0 ... 0 0 0],5
662,[0 0 0 ... 0 0 0],5
663,[0 0 0 ... 0 0 0],5
664,[0 0 0 ... 0 0 0],5
665,[0 0 0 ... 0 0 0],5
666,[0 0 0 ... 0 0 0],5
667,[0 0 0 ... 0 0 0],5
668,[0 0 0 ... 0 0 0],5
669,[0 0 0 ... 0 0 0],5
670,[0 0 0 ... 0 0 0],5
671,[0 0 0 ... 0 0 0],5
672,[0 0 0 ... 0 0 0],5
673,[0 0 0 ... 0 0 0],5
674,[0 0 0 ... 0 0 0],5
675,[0 0 0 ... 0 0 0],5
676,[0 0 0 ... 0 0 0],5
677,[0 0 0 ... 0 0 0],5
678,[0 0 0 ... 0 0 0],5
679,[0 0 0 ... 0 0 0],5
680,[0 0 0 ... 0 0 0],5
681,[0 0 0 ... 0 0 0],5
682,[0 0 0 ... 0 0 0],5
683,[0 0 0 ... 0 0 0],5
684,[0 0 0 ... 0 0 0],5
685,[0 0 0 ... 0 0 0],5
686,[0 0 0 ... 0 0 0],5
687,[0 0 0 ... 0 0 0],5
688,[0 0 0 ... 0 0 0],5
689,[0 0 0 ... 0 0 0],5
690,[0 0 0 ... 0 0 0],5
691,[0 0 0 ... 0 0 0],5
692,[0 0 0 ... 0 0 0],5
693,[0 0 0 ... 0 0 0],5
694,[0 0 0 ... 0 0 0],5
695,[0 0 0 ... 0 0 0],5
696,[0 0 0 ... 0 0 0],5
697,[0 0 0 ... 0 0 0],5
698,[0 0 0 ... 0 0 0],5
699,[0 0 0 ... 0 0 0],5
700,[0 0 0 ... 0 0 0],r
701,[0 0 0 ... 0 0 0],r
702,[0 0 0 ... 0 0 0],r
703,[0 0 0 ... 0 0 0],r
704,[0 0 0 ... 0 0 0],r
705,[0 0 0 ... 0 0 0],r
706,[0 0 0 ... 0 0 0],r
707,[0 0 0 ... 0 0 0],r
708,[0 0 0 ... 0 0 0],r
709,[0 0 0 ... 0 0 0],r
710,[0 0 0 ... 0 0 0],r
711,[0 0 0 ... 0 0 0],r
712,[0 0 0 ... 0 0 0],r
713,[0 0 0 ... 0 0 0],r
714,[0 0 0 ... 0 0 0],r
715,[0 0 0 ... 0 0 0],r
716,[0 0 0 ... 0 0 0],r
717,[0 0 0 ... 0 0 0],r
718,[0 0 0 ... 0 0 0],r
719,[0 0 0 ... 0 0 0],r
720,[0 0 0 ... 0 0 0],r
721,[0 0 0 ... 0 0 0],r
722,[0 0 0 ... 0 0 0],r
723,[0 0 0 ... 0 0 0],r
724,[0 0 0 ... 0 0 0],r
725,[0 0 0 ... 0 0 0],r
726,[0 0 0 ... 0 0 0],r
727,[0 0 0 ... 0 0 0],r
728,[0 0 0 ... 0 0 0],r
729,[0 0 0 ... 0 0 0],r
730,[0 0 0 ... 0 0 0],r
731,[0 0 0 ... 0 0 0],r
732,[0 0 0 ... 0 0 0],r
733,[0 0 0 ... 0 0 0],r
734,[0 0 0 ... 0 0 0],r
735,[0 0 0 ... 0 0 0],r
736,[0 0 0 ... 0 0 0],r
737,[0 0 0 ... 0 0 0],r
738,[0 0 0 ... 0 0 0],r
739,[0 0 0 ... 0 0 0],r
740,[0 0 0 ... 0 0 0],r
741,[0 0 0 ... 0 0 0],r
742,[0 0 0 ... 0 0 0],r
743,[0 0 0 ... 0 0 0],r
744,[0 0 0 ... 0 0 0],r
745,[0 0 0 ... 0 0 0],r
746,[0 0 0 ... 0 0 0],r
747,[0 0 0 ... 0 0 0],r
748,[0 0 0 ... 0 0 0],r
749,[0 0 0 ... 0 0 0],r
750,[0 0 0 ... 0 0 0],r
751,[0 0 0 ... 0 0 0],r
752,[0 0 0 ... 0 0 0],r
753,[0 0 0 ... 0 0 0],r
754,[0 0 0 ... 0 0 0],r
755,[0 0 0 ... 0 0 0],r
756,[0 0 0 ... 0 0 0],r
757,[0 0 0 ... 0 0 0],r
758,[0 0 0 ... 0 0 0],r
759,[0 0 0 ... 0 0 0],r
760,[0 0 0 ... 0 0 0],r
761,[0 0 0 ... 0 0 0],r
762,[0 0 0 ... 0 0 0],r
763,[0 0 0 ... 0 0 0],r
764,[0 0 0 ... 0 0 0],r
765,[0 0 0 ... 0 0 0],r
766,[0 0 0 ... 0 0 0],r
767,[0 0 0 ... 0 0 0],r
768,[0 0 0 ... 0 0 0],r
769,[0 0 0 ... 0 0 0],r
770,[0 0 0 ... 0 0 0],u
771,[0 0 0 ... 0 0 0],u
772,[0 0 0 ... 0 0 0],u
773,[0 0 0 ... 0 0 0],u
774,[0 0 0 ... 0 0 0],u
775,[0 0 0 ... 0 0 0],u
776,[0 0 0 ... 0 0 0],u
777,[0 0 0 ... 0 0 0],u
778,[0 0 0 ... 0 0 0],u
779,[0 0 0 ... 0 0 0],u
780,[0 0 0 ... 0 0 0],u
781,[0 0 0 ... 0 0 0],u
782,[0 0 0 ... 0 0 0],u
783,[0 0 0 ... 0 0 0],u
784,[0 0 0 ... 0 0 0],u
785,[0 0 0 ... 0 0 0],u
786,[0 0 0 ... 0 0 0],u
787,[0 0 0 ... 0 0 0],u
788,[0 0 0 ... 0 0 0],u
789,[0 0 0 ... 0 0 0],u
790,[0 0 0 ... 0 0 0],u
791,[0 0 0 ... 0 0 0],u
792,[0 0 0 ... 0 0 0],u
793,[0 0 0 ... 0 0 0],u
794,[0 0 0 ... 0 0 0],u
795,[0 0 0 ... 0 0 0],u
796,[0 0 0 ... 0 0 0],u
797,[0 0 0 ... 0 0 0],u
798,[0 0 0 ... 0 0 0],u
799,[0 0 0 ... 0 0 0],u
800,[0 0 0 ... 0 0 0],u
801,[0 0 0 ... 0 0 0],u
802,[0 0 0 ... 0 0 0],u
803,[0 0 0 ... 0 0 0],u
804,[0 0 0 ... 0 0 0],u
805,[0 0 0 ... 0 0 0],u
806,[0 0 0 ... 0 0 0],u
807,[0 0 0 ... 0 0 0],u
808,[0 0 0 ... 0 0 0],u
809,[0 0 0 ... 0 0 0],u
810,[0 0 0 ... 0 0 0],u
811,[0 0 0 ... 0 0 0],u
812,[0 0 0 ... 0 0 0],u
813,[0 0 0 ... 0 0 0],u
814,[0 0 0 ... 0 0 0],u
815,[0 0 0 ... 0 0 0],u
816,[0 0 0 ... 0 0 0],u
817,[0 0 0 ... 0 0 0],u
818,[0 0 0 ... 0 0 0],u
819,[0 0 0 ... 0 0 0],u
820,[0 0 0 ... 0 0 0],u
821,[0 0 0 ... 0 0 0],u
822,[0 0 0 ... 0 0 0],u
823,[0 0 0 ... 0 0 0],u
824,[0 0 0 ... 0 0 0],u
825,[0 0 0 ... 0 0 0],u
826,[0 0 0 ... 0 0 0],u
827,[0 0 0 ... 0 0 0],u
828,[0 0 0 ... 0 0 0],u
829,[0 0 0 ... 0 0 0],u
830,[0 0 0 ... 0 0 0],u
831,[0 0 0 ... 0 0 0],u
832,[0 0 0 ... 0 0 0],u
833,[0 0 0 ... 0 0 0],u
834,[0 0 0 ... 0 0 0],u
835,[0 0 0 ... 0 0 0],u
836,[0 0 0 ... 0 0 0],u
837,[0 0 0 ... 0 0 0],u
838,[0 0 0 ... 0 0 0],u
839,[0 0 0 ... 0 0 0],u
840,[0 0 0 ... 0 0 0],i
841,[0 0 0 ... 0 0 0],i
842,[0 0 0 ... 0 0 0],i
843,[0 0 0 ... 0 0 0],i
844,[0 0 0 ... 0 0 0],i
845,[0 0 0 ... 0 0 0],i
846,[ 0  0 16 ...  0  0  0],i
847,[0 0 0 ... 0 0 0],i
848,[0 0 0 ... 0 0 0],i
849,[0 0 0 ... 0 0 0],i
850,[0 0 0 ... 0 0 0],i
851,[0 0 0 ... 0 0 0],i
852,[0 0 0 ... 0 0 0],i
853,[0 0 0 ... 0 0 0],i
854,[0 0 0 ... 0 0 0],i
855,[0 0 0 ... 0 0 0],i
856,[0 0 0 ... 0 0 0],i
857,[0 0 0 ... 0 0 0],i
858,[0 0 0 ... 0 0 0],i
859,[0 0 0 ... 0 0 0],i
860,[0 0 0 ... 0 0 0],i
861,[0 0 0 ... 0 0 0],i
862,[0 0 0 ... 0 0 0],i
863,[0 0 0 ... 0 0 0],i
864,[0 0 0 ... 0 0 0],i
865,[0 0 0 ... 0 0 0],i
866,[0 0 0 ... 0 0 0],i
867,[0 0 0 ... 0 0 0],i
868,[0 0 0 ... 0 0 0],i
869,[0 0 0 ... 0 0 0],i
870,[0 0 0 ... 0 0 0],i
871,[0 0 0 ... 0 0 0],i
872,[0 0 0 ... 0 0 0],i
873,[0 0 0 ... 0 0 0],i
874,[0 0 0 ... 0 0 0],i
875,[0 0 0 ... 0 0 0],i
876,[0 0 0 ... 0 0 0],i
877,[0 0 0 ... 0 0 0],i
878,[0 0 0 ... 0 0 0],i
879,[0 0 0 ... 0 0 0],i
880,[0 0 0 ... 0 0 0],i
881,[0 0 0 ... 0 0 0],i
882,[0 0 0 ... 0 0 0],i
883,[0 0 0 ... 0 0 0],i
884,[0 0 0 ... 0 0 0],i
885,[0 0 0 ... 0 0 0],i
886,[0 0 0 ... 0 0 0],i
887,[0 0 0 ... 0 0 0],i
888,[0 0 0 ... 0 0 0],i
889,[0 0 0 ... 0 0 0],i
890,[0 0 0 ... 0 0 0],i
891,[0 0 0 ... 0 0 0],i
892,[0 0 0 ... 0 0 0],i
893,[0 0 0 ... 0 0 0],i
894,[0 0 0 ... 0 0 0],i
895,[0 0 0 ... 0 0 0],i
896,[0 0 0 ... 0 0 0],i
897,[0 0 0 ... 0 0 0],i
898,[0 0 0 ... 0 0 0],i
899,[0 0 0 ... 0 0 0],i
900,[0 0 0 ... 0 0 0],i
901,[0 0 0 ... 0 0 0],i
902,[0 0 0 ... 0 0 0],i
903,[0 0 0 ... 0 0 0],i
904,[0 0 0 ... 0 0 0],i
905,[0 0 0 ... 0 0 0],i
906,[0 0 0 ... 0 0 0],i
907,[0 0 0 ... 0 0 0],i
908,[0 0 0 ... 0 0 0],i
909,[0 0 0 ... 0 0 0],i
910,[0 0 0 ... 0 0 0],n
911,[0 0 0 ... 0 0 0],n
912,[0 0 0 ... 0 0 0],n
913,[0 0 0 ... 0 0 0],n
914,[0 0 0 ... 0 0 0],n
915,[0 0 0 ... 0 0 0],n
916,[0 0 0 ... 0 0 0],n
917,[0 0 0 ... 0 0 0],n
918,[0 0 0 ... 0 0 0],n
919,[0 0 0 ... 0 0 0],n
920,[0 0 0 ... 0 0 0],n
921,[0 0 0 ... 0 0 0],n
922,[0 0 0 ... 0 0 0],n
923,[0 0 0 ... 0 0 0],n
924,[0 0 0 ... 0 0 0],n
925,[0 0 0 ... 0 0 0],n
926,[0 0 0 ... 0 0 0],n
927,[0 0 0 ... 0 0 0],n
928,[0 0 0 ... 0 0 0],n
929,[0 0 0 ... 0 0 0],n
930,[0 0 0 ... 0 0 0],n
931,[0 0 0 ... 0 0 0],n
932,[0 0 0 ... 0 0 0],n
933,[0 0 0 ... 0 0 0],n
934,[0 0 0 ... 0 0 0],n
935,[0 0 0 ... 0 0 0],n
936,[0 0 0 ... 0 0 0],n
937,[0 0 0 ... 0 0 0],n
938,[0 0 0 ... 0 0 0],n
939,[0 0 0 ... 0 0 0],n
940,[0 0 0 ... 0 0 0],n
941,[0 0 0 ... 0 0 0],n
942,[0 0 0 ... 0 0 0],n
943,[0 0 0 ... 0 0 0],n
944,[0 0 0 ... 0 0 0],n
945,[0 0 0 ... 0 0 0],n
946,[0 0 0 ... 0 0 0],n
947,[0 0 0 ... 0 0 0],n
948,[0 0 0 ... 0 0 0],n
949,[0 0 0 ... 0 0 0],n
950,[0 0 0 ... 0 0 0],n
951,[0 0 0 ... 0 0 0],n
952,[0 0 0 ... 0 0 0],n
953,[0 0 0 ... 0 0 0],n
954,[0 0 0 ... 0 0 0],n
955,[0 0 0 ... 0 0 0],n
956,[0 0 0 ... 0 0 0],n
957,[0 0 0 ... 0 0 0],n
958,[0 0 0 ... 0 0 0],n
959,[0 0 0 ... 0 0 0],n
960,[0 0 0 ... 0 0 0],n
961,[0 0 0 ... 0 0 0],n
962,[0 0 0 ... 0 0 0],n
963,[0 0 0 ... 0 0 0],n
964,[0 0 0 ... 0 0 0],n
965,[0 0 0 ... 0 0 0],n
966,[0 0 0 ... 0 0 0],n
967,[0 0 0 ... 0 0 0],n
968,[0 0 0 ... 0 0 0],n
969,[0 0 0 ... 0 0 0],n
970,[0 0 0 ... 0 0 0],n
971,[0 0 0 ... 0 0 0],n
972,[0 0 0 ... 0 0 0],n
973,[0 0 0 ... 0 0 0],n
974,[0 0 0 ... 0 0 0],n
975,[0 0 0 ... 0 0 0],n
976,[0 0 0 ... 0 0 0],n
977,[0 0 0 ... 0 0 0],n
978,[0 0 0 ... 0 0 0],n
979,[0 0 0 ... 0 0 0],n
980,[0 0 0 ... 0 0 0],g
981,[0 0 0 ... 0 0 0],g
982,[0 0 0 ... 0 0 0],g
983,[0 0 0 ... 0 0 0],g
984,[0 0 0 ... 0 0 0],g
985,[0 0 0 ... 0 0 0],g
986,[0 0 0 ... 0 0 0],g
987,[0 0 0 ... 0 0 0],g
988,[0 0 0 ... 0 0 0],g
989,[0 0 0 ... 0 0 0],g
990,[0 0 0 ... 0 0 0],g
991,[0 0 0 ... 0 0 0],g
992,[0 0 0 ... 0 0 0],g
993,[0 0 0 ... 0 0 0],g
994,[0 0 0 ... 0 0 0],g
995,[0 0 0 ... 0 0 0],g
996,[0 0 0 ... 0 0 0],g
997,[0 0 0 ... 0 0 0],g
998,[0 0 0 ... 0 0 0],g
999,[0 0 0 ... 0 0 0],g
1000,[0 0 0 ... 0 0 0],g
1001,[0 0 0 ... 0 0 0],g
1002,[0 0 0 ... 0 0 0],g
1003,[0 0 0 ... 0 0 0],g
1004,[0 0 0 ... 0 0 0],g
1005,[0 0 0 ... 0 0 0],g
1006,[0 0 0 ... 0 0 0],g
1007,[0 0 0 ... 0 0 0],g
1008,[0 0 0 ... 0 0 0],g
1009,[0 0 0 ... 0 0 0],g
1010,[0 0 0 ... 0 0 0],g
1011,[0 0 0 ... 0 0 0],g
1012,[0 0 0 ... 0 0 0],g
1013,[0 0 0 ... 0 0 0],g
1014,[0 0 0 ... 0 0 0],g
1015,[  0  41 109 ...   0   0   0],g
1016,[0 0 0 ... 0 0 0],g
1017,[0 0 0 ... 0 0 0],g
1018,[0 0 0 ... 0 0 0],g
1019,[0 0 0 ... 0 0 0],g
1020,[0 0 0 ... 0 0 0],g
1021,[0 0 0 ... 0 0 0],g
1022,[0 0 0 ... 0 0 0],g
1023,[0 0 0 ... 0 0 0],g
1024,[0 0 0 ... 0 0 0],g
1025,[0 0 0 ... 0 0 0],g
1026,[0 0 0 ... 0 0 0],g
1027,[0 0 0 ... 0 0 0],g
1028,[0 0 0 ... 0 0 0],g
1029,[0 0 0 ... 0 0 0],g
1030,[0 0 0 ... 0 0 0],g
1031,[0 0 0 ... 0 0 0],g
1032,[0 0 0 ... 0 0 0],g
1033,[0 0 0 ... 0 0 0],g
1034,[0 0 0 ... 0 0 0],g
1035,[0 0 0 ... 0 0 0],g
1036,[0 0 0 ... 0 0 0],g
1037,[0 0 0 ... 0 0 0],g
1038,[0 0 0 ... 0 0 0],g
1039,[0 0 0 ... 0 0 0],g
1040,[0 0 0 ... 0 0 0],g
1041,[0 0 0 ... 0 0 0],g
1042,[0 0 0 ... 0 0 0],g
1043,[0 0 0 ... 0 0 0],g
1044,[0 0 0 ... 0 0 0],g
1045,[0 0 0 ... 0 0 0],g
1046,[0 0 0 ... 0 0 0],g
1047,[0 0 0 ... 0 0 0],g
1048,[0 0 0 ... 0 0 0],g
1049,[0 0 0 ... 0 0 0],g
1050,[0 0 0 ... 0 0 0],z
1051,[0 0 0 ... 0 0 0],z
1052,[0 0 0 ... 0 0 0],z
1053,[0 0 0 ... 0 0 0],z
1054,[0 0 0 ... 0 0 0],z
1055,[0 0 0 ... 0 0 0],z
1056,[0 0 0 ... 0 0 0],z
1057,[0 0 0 ... 0 0 0],z
1058,[0 0 0 ... 0 0 0],z
1059,[0 0 0 ... 0 0 0],z
1060,[0 0 0 ... 0 0 0],z
1061,[0 0 0 ... 0 0 0],z
1062,[0 0 0 ... 0 0 0],z
1063,[0 0 0 ... 0 0 0],z
1064,[0 0 0 ... 0 0 0],z
1065,[0 0 0 ... 0 0 0],z
1066,[0 0 0 ... 0 0 0],z
1067,[0 0 0 ... 0 0 0],z
1068,[0 0 0 ... 0 0 0],z
1069,[0 0 0 ... 0 0 0],z
1070,[0 0 0 ... 0 0 0],z
1071,[0 0 0 ... 0 0 0],z
1072,[0 0 0 ... 0 0 0],z
1073,[0 0 0 ... 0 0 0],z
1074,[0 0 0 ... 0 0 0],z
1075,[0 0 0 ... 0 0 0],z
1076,[0 0 0 ... 0 0 0],z
1077,[0 0 0 ... 0 0 0],z
1078,[0 0 0 ... 0 0 0],z
1079,[0 0 0 ... 0 0 0],z
1080,[0 0 0 ... 0 0 0],z
1081,[0 0 0 ... 0 0 0],z
1082,[0 0 0 ... 0 0 0],z
1083,[0 0 0 ... 0 0 0],z
1084,[0 0 0 ... 0 0 0],z
1085,[0 0 0 ... 0 0 0],z
1086,[0 0 0 ... 0 0 0],z
1087,[0 0 0 ... 0 0 0],z
1088,[0 0 0 ... 0 0 0],z
1089,[0 0 0 ... 0 0 0],z
1090,[0 0 0 ... 0 0 0],z
1091,[0 0 0 ... 0 0 0],z
1092,[0 0 0 ... 0 0 0],z
1093,[0 0 0 ... 0 0 0],z
1094,[0 0 0 ... 0 0 0],z
1095,[0 0 0 ... 0 0 0],z
1096,[0 0 0 ... 0 0 0],z
1097,[0 0 0 ... 0 0 0],z
1098,[0 0 0 ... 0 0 0],z
1099,[0 0 0 ... 0 0 0],z
1100,[0 0 0 ... 0 0 0],z
1101,[0 0 0 ... 0 0 0],z
1102,[0 0 0 ... 0 0 0],z
1103,[0 0 0 ... 0 0 0],z
1104,[0 0 0 ... 0 0 0],z
1105,[0 0 0 ... 0 0 0],z
1106,[0 0 0 ... 0 0 0],z
1107,[0 0 0 ... 0 0 0],z
1108,[0 0 0 ... 0 0 0],z
1109,[0 0 0 ... 0 0 0],z
1110,[0 0 0 ... 0 0 0],z
1111,[0 0 0 ... 0 0 0],z
1112,[0 0 0 ... 0 0 0],z
1113,[0 0 0 ... 0 0 0],z
1114,[0 0 0 ... 0 0 0],z
1115,[0 0 0 ... 0 0 0],z
1116,[0 0 0 ... 0 0 0],z
1117,[0 0 0 ... 0 0 0],z
1118,[0 0 0 ... 0 0 0],z
1119,[0 0 0 ... 0 0 0],z
1120,[0 0 0 ... 0 0 0],t
1121,[0 0 0 ... 0 0 0],t
1122,[0 0 0 ... 0 0 0],t
1123,[0 0 0 ... 0 0 0],t
1124,[0 0 0 ... 0 0 0],t
1125,[0 0 0 ... 0 0 0],t
1126,[0 0 0 ... 0 0 0],t
1127,[0 0 0 ... 0 0 0],t
1128,[0 0 0 ... 0 0 0],t
1129,[0 0 0 ... 0 0 0],t
1130,[0 0 0 ... 0 0 0],t
1131,[0 0 0 ... 0 0 0],t
1132,[0 0 0 ... 0 0 0],t
1133,[0 0 0 ... 0 0 0],t
1134,[0 0 0 ... 0 0 0],t
1135,[0 0 0 ... 0 0 0],t
1136,[0 0 0 ... 0 0 0],t
1137,[0 0 0 ... 0 0 0],t
1138,[0 0 0 ... 0 0 0],t
1139,[0 0 0 ... 0 0 0],t
1140,[0 0 0 ... 0 0 0],t
1141,[0 0 0 ... 0 0 0],t
1142,[0 0 0 ... 0 0 0],t
1143,[0 0 0 ... 0 0 0],t
1144,[0 0 0 ... 0 0 0],t
1145,[0 0 0 ... 0 0 0],t
1146,[0 0 0 ... 0 0 0],t
1147,[0 0 0 ... 0 0 0],t
1148,[0 0 0 ... 0 0 0],t
1149,[0 0 0 ... 0 0 0],t
1150,[0 0 0 ... 0 0 0],t
1151,[0 0 0 ... 0 0 0],t
1152,[0 0 0 ... 0 0 0],t
1153,[0 0 0 ... 0 0 0],t
1154,[0 0 0 ... 0 0 0],t
1155,[0 0 0 ... 0 0 0],t
1156,[0 0 0 ... 0 0 0],t
1157,[0 0 0 ... 0 0 0],t
1158,[0 0 0 ... 0 0 0],t
1159,[0 0 0 ... 0 0 0],t
1160,[0 0 0 ... 0 0 0],t
1161,[0 0 0 ... 0 0 0],t
1162,[0 0 0 ... 0 0 0],t
1163,[0 0 0 ... 0 0 0],t
1164,[0 0 0 ... 0 0 0],t
1165,[0 0 0 ... 0 0 0],t
1166,[0 0 0 ... 0 0 0],t
1167,[0 0 0 ... 0 0 0],t
1168,[0 0 0 ... 0 0 0],t
1169,[0 0 0 ... 0 0 0],t
1170,[0 0 0 ... 0 0 0],t
1171,[0 0 0 ... 0 0 0],t
1172,[0 0 0 ... 0 0 0],t
1173,[0 0 0 ... 0 0 0],t
1174,[0 0 0 ... 0 0 0],t
1175,[0 0 0 ... 0 0 0],t
1176,[0 0 0 ... 0 0 0],t
1177,[0 0 0 ... 0 0 0],t
1178,[0 0 0 ... 0 0 0],t
1179,[0 0 0 ... 0 0 0],t
1180,[0 0 0 ... 0 0 0],t
1181,[0 0 0 ... 0 0 0],t
1182,[0 0 0 ... 0 0 0],t
1183,[0 0 0 ... 0 0 0],t
1184,[0 0 0 ... 0 0 0],t
1185,[0 0 0 ... 0 0 0],s
1186,[0 0 0 ... 0 0 0],s
1187,[0 0 0 ... 0 0 0],s
1188,[0 0 0 ... 0 0 0],s
1189,[0 0 0 ... 0 0 0],s
1190,[0 0 0 ... 0 0 0],s
1191,[0 0 0 ... 0 0 0],s
1192,[0 0 0 ... 0 0 0],s
1193,[0 0 0 ... 0 0 0],s
1194,[0 0 0 ... 0 0 0],s
1195,[0 0 0 ... 0 0 0],s
1196,[0 0 0 ... 0 0 0],s
1197,[0 0 0 ... 0 0 0],s
1198,[0 0 0 ... 0 0 0],s
1199,[0 0 0 ... 0 0 0],s
1200,[0 0 0 ... 0 0 0],s
1201,[0 0 0 ... 0 0 0],s
1202,[0 0 0 ... 0 0 0],s
1203,[0 0 0 ... 0 0 0],s
1204,[0 0 0 ... 0 0 0],s
1205,[0 0 0 ... 0 0 0],s
1206,[0 0 0 ... 0 0 0],s
1207,[0 0 0 ... 0 0 0],s
1208,[0 0 0 ... 0 0 0],s
1209,[0 0 0 ... 0 0 0],s
1210,[0 0 0 ... 0 0 0],s
1211,[0 0 0 ... 0 0 0],s
1212,[0 0 0 ... 0 0 0],s
1213,[0 0 0 ... 0 0 0],s
1214,[0 0 0 ... 0 0 0],s
1215,[0 0 0 ... 0 0 0],s
1216,[0 0 0 ... 0 0 0],s
1217,[0 0 0 ... 0 0 0],s
1218,[0 0 0 ... 0 0 0],s
1219,[0 0 0 ... 0 0 0],s
1220,[0 0 0 ... 0 0 0],s
1221,[0 0 0 ... 0 0 0],s
1222,[0 0 0 ... 0 0 0],s
1223,[0 0 0 ... 0 0 0],s
1224,[0 0 0 ... 0 0 0],s
1225,[0 0 0 ... 0 0 0],s
1226,[0 0 0 ... 0 0 0],s
1227,[0 0 0 ... 0 0 0],s
1228,[0 0 0 ... 0 0 0],s
1229,[0 0 0 ... 0 0 0],s
1230,[0 0 0 ... 0 0 0],s
1231,[0 0 0 ... 0 0 0],s
1232,[0 0 0 ... 0 0 0],s
1233,[0 0 0 ... 0 0 0],s
1234,[0 0 0 ... 0 0 0],s
1235,[0 0 0 ... 0 0 0],s
1236,[0 0 0 ... 0 0 0],s
1237,[0 0 0 ... 0 0 0],s
1238,[0 0 0 ... 0 0 0],s
1239,[0 0 0 ... 0 0 0],s
1240,[0 0 0 ... 0 0 0],s
1241,[0 0 0 ... 0 0 0],s
1242,[0 0 0 ... 0 0 0],s
1243,[0 0 0 ... 0 0 0],s
1244,[0 0 0 ... 0 0 0],s
1245,[0 0 0 ... 0 0 0],s
1246,[0 0 0 ... 0 0 0],s
1247,[0 0 0 ... 0 0 0],s
1248,[0 0 0 ... 0 0 0],s
1249,[0 0 0 ... 0 0 0],s
1250,[0 0 0 ... 0 0 0],s
1251,[0 0 0 ... 0 0 0],s
1252,[0 0 0 ... 0 0 0],s
1253,[0 0 0 ... 0 0 0],s
1254,[0 0 0 ... 0 0 0],s
1255,[0 0 0 ... 0 0 0],a
1256,[0 0 0 ... 0 0 0],a
1257,[0 0 0 ... 0 0 0],a
1258,[0 0 0 ... 0 0 0],a
1259,[0 0 0 ... 0 0 0],a
1260,[0 0 0 ... 0 0 0],a
1261,[0 0 0 ... 0 0 0],a
1262,[0 0 0 ... 0 0 0],a
1263,[0 0 0 ... 0 0 0],a
1264,[0 0 0 ... 0 0 0],a
1265,[0 0 0 ... 0 0 0],a
1266,[0 0 0 ... 0 0 0],a
1267,[0 0 0 ... 0 0 0],a
1268,[0 0 0 ... 0 0 0],a
1269,[0 0 0 ... 0 0 0],a
1270,[0 0 0 ... 0 0 0],a
1271,[0 0 0 ... 0 0 0],a
1272,[0 0 0 ... 0 0 0],a
1273,[0 0 0 ... 0 0 0],a
1274,[0 0 0 ... 0 0 0],a
1275,[0 0 0 ... 0 0 0],a
1276,[0 0 0 ... 0 0 0],a
1277,[0 0 0 ... 0 0 0],a
1278,[0 0 0 ... 0 0 0],a
1279,[0 0 0 ... 0 0 0],a
1280,[0 0 0 ... 0 0 0],a
1281,[0 0 0 ... 0 0 0],a
1282,[0 0 0 ... 0 0 0],a
1283,[0 0 0 ... 0 0 0],a
1284,[0 0 0 ... 0 0 0],a
1285,[0 0 0 ... 0 0 0],a
1286,[0 0 0 ... 0 0 0],a
1287,[0 0 0 ... 0 0 0],a
1288,[0 0 0 ... 0 0 0],a
1289,[0 0 0 ... 0 0 0],a
1290,[0 0 0 ... 0 0 0],a
1291,[0 0 0 ... 0 0 0],a
1292,[0 0 0 ... 0 0 0],a
1293,[0 0 0 ... 0 0 0],a
1294,[0 0 0 ... 0 0 0],a
1295,[0 0 0 ... 0 0 0],a
1296,[0 0 0 ... 0 0 0],a
1297,[0 0 0 ... 0 0 0],a
1298,[0 0 0 ... 0 0 0],a
1299,[0 0 0 ... 0 0 0],a
1300,[0 0 0 ... 0 0 0],a
1301,[0 0 0 ... 0 0 0],a
1302,[0 0 0 ... 0 0 0],a
1303,[0 0 0 ... 0 0 0],a
1304,[0 0 0 ... 0 0 0],a
1305,[0 0 0 ... 0 0 0],a
1306,[0 0 0 ... 0 0 0],a
1307,[0 0 0 ... 0 0 0],a
1308,[0 0 0 ... 0 0 0],a
1309,[0 0 0 ... 0 0 0],a
1310,[0 0 0 ... 0 0 0],a
1311,[0 0 0 ... 0 0 0],a
1312,[0 0 0 ... 0 0 0],a
1313,[0 0 0 ... 0 0 0],a
1314,[0 0 0 ... 0 0 0],a
1315,[0 0 0 ... 0 0 0],a
1316,[0 0 0 ... 0 0 0],a
1317,[0 0 0 ... 0 0 0],a
1318,[0 0 0 ... 0 0 0],a
1319,[0 0 0 ... 0 0 0],a
1320,[0 0 0 ... 0 0 0],a
1321,[0 0 0 ... 0 0 0],a
1322,[0 0 0 ... 0 0 0],a
1323,[0 0 0 ... 0 0 0],a
1324,[0 0 0 ... 0 0 0],a
1325,[0 0 0 ... 0 0 0],f
1326,[0 0 0 ... 0 0 0],f
1327,[0 0 0 ... 0 0 0],f
1328,[0 0 0 ... 0 0 0],f
1329,[0 0 0 ... 0 0 0],f
1330,[0 0 0 ... 0 0 0],f
1331,[0 0 0 ... 0 0 0],f
1332,[0 0 0 ... 0 0 0],f
1333,[0 0 0 ... 0 0 0],f
1334,[0 0 0 ... 0 0 0],f
1335,[0 0 0 ... 0 0 0],f
1336,[0 0 0 ... 0 0 0],f
1337,[0 0 0 ... 0 0 0],f
1338,[0 0 0 ... 0 0 0],f
1339,[0 0 0 ... 0 0 0],f
1340,[0 0 0 ... 0 0 0],f
1341,[0 0 0 ... 0 0 0],f
1342,[0 0 0 ... 0 0 0],f
1343,[0 0 0 ... 0 0 0],f
1344,[0 0 0 ... 0 0 0],f
1345,[0 0 0 ... 0 0 0],f
1346,[0 0 0 ... 0 0 0],f
1347,[0 0 0 ... 0 0 0],f
1348,[0 0 0 ... 0 0 0],f
1349,[0 0 0 ... 0 0 0],f
1350,[0 0 0 ... 0 0 0],f
1351,[0 0 0 ... 0 0 0],f
1352,[0 0 0 ... 0 0 0],f
1353,[0 0 0 ... 0 0 0],f
1354,[0 0 0 ... 0 0 0],f
1355,[0 0 0 ... 0 0 0],f
1356,[0 0 0 ... 0 0 0],f
1357,[0 0 0 ... 0 0 0],f
1358,[0 0 0 ... 0 0 0],f
1359,[0 0 0 ... 0 0 0],f
1360,[0 0 0 ... 0 0 0],f
1361,[0 0 0 ... 0 0 0],f
1362,[0 0 0 ... 0 0 0],f
1363,[0 0 0 ... 0 0 0],f
1364,[0 0 0 ... 0 0 0],f
1365,[0 0 0 ... 0 0 0],f
1366,[0 0 0 ... 0 0 0],f
1367,[0 0 0 ... 0 0 0],f
1368,[0 0 0 ... 0 0 0],f
1369,[0 0 0 ... 0 0 0],f
1370,[0 0 0 ... 0 0 0],f
1371,[0 0 0 ... 0 0 0],f
1372,[0 0 0 ... 0 0 0],f
1373,[0 0 0 ... 0 0 0],f
1374,[0 0 0 ... 0 0 0],f
1375,[0 0 0 ... 0 0 0],f
1376,[0 0 0 ... 0 0 0],f
1377,[0 0 0 ... 0 0 0],f
1378,[0 0 0 ... 0 0 0],f
1379,[0 0 0 ... 0 0 0],f
1380,[0 0 0 ... 0 0 0],f
1381,[0 0 0 ... 0 0 0],f
1382,[0 0 0 ... 0 0 0],f
1383,[0 0 0 ... 0 0 0],f
1384,[0 0 0 ... 0 0 0],f
1385,[0 0 0 ... 0 0 0],f
1386,[0 0 0 ... 0 0 0],f
1387,[0 0 0 ... 0 0 0],f
1388,[0 0 0 ... 0 0 0],f
1389,[0 0 0 ... 0 0 0],f
1390,[0 0 0 ... 0 0 0],f
1391,[0 0 0 ... 0 0 0],f
1392,[0 0 0 ... 0 0 0],f
1393,[0 0 0 ... 0 0 0],f
1394,[0 0 0 ... 0 0 0],f
1395,[0 0 0 ... 0 0 0],o
1396,[0 0 0 ... 0 0 0],o
1397,[0 0 0 ... 0 0 0],o
1398,[0 0 0 ... 0 0 0],o
1399,[0 0 0 ... 0 0 0],o
1400,[0 0 0 ... 0 0 0],o
1401,[0 0 0 ... 0 0 0],o
1402,[0 0 0 ... 0 0 0],o
1403,[0 0 0 ... 0 0 0],o
1404,[0 0 0 ... 0 0 0],o
1405,[0 0 0 ... 0 0 0],o
1406,[0 0 0 ... 0 0 0],o
1407,[0 0 0 ... 0 0 0],o
1408,[0 0 0 ... 0 0 0],o
1409,[0 0 0 ... 0 0 0],o
1410,[0 0 0 ... 0 0 0],o
1411,[0 0 0 ... 0 0 0],o
1412,[0 0 0 ... 0 0 0],o
1413,[0 0 0 ... 0 0 0],o
1414,[0 0 0 ... 0 0 0],o
1415,[0 0 0 ... 0 0 0],o
1416,[0 0 0 ... 0 0 0],o
1417,[0 0 0 ... 0 0 0],o
1418,[0 0 0 ... 0 0 0],o
1419,[0 0 0 ... 0 0 0],o
1420,[0 0 0 ... 0 0 0],o
1421,[0 0 0 ... 0 0 0],o
1422,[0 0 0 ... 0 0 0],o
1423,[0 0 0 ... 0 0 0],o
1424,[0 0 0 ... 0 0 0],o
1425,[0 0 0 ... 0 0 0],o
1426,[0 0 0 ... 0 0 0],o
1427,[0 0 0 ... 0 0 0],o
1428,[0 0 0 ... 0 0 0],o
1429,[0 0 0 ... 0 0 0],o
1430,[0 0 0 ... 0 0 0],o
1431,[0 0 0 ... 0 0 0],o
1432,[0 0 0 ... 0 0 0],o
1433,[0 0 0 ... 0 0 0],o
1434,[0 0 0 ... 0 0 0],o
1435,[0 0 0 ... 0 0 0],o
1436,[0 0 0 ... 0 0 0],o
1437,[0 0 0 ... 0 0 0],o
1438,[0 0 0 ... 0 0 0],o
1439,[0 0 0 ... 0 0 0],o
1440,[0 0 0 ... 0 0 0],o
1441,[0 0 0 ... 0 0 0],o
1442,[0 0 0 ... 0 0 0],o
1443,[0 0 0 ... 0 0 0],o
1444,[0 0 0 ... 0 0 0],o
1445,[0 0 0 ... 0 0 0],o
1446,[0 0 0 ... 0 0 0],o
1447,[0 0 0 ... 0 0 0],o
1448,[0 0 0 ... 0 0 0],o
1449,[0 0 0 ... 0 0 0],o
1450,[0 0 0 ... 0 0 0],o
1451,[0 0 0 ... 0 0 0],o
1452,[0 0 0 ... 0 0 0],o
1453,[0 0 0 ... 0 0 0],o
1454,[0 0 0 ... 0 0 0],o
1455,[0 0 0 ... 0 0 0],o
1456,[0 0 0 ... 0 0 0],o
1457,[0 0 0 ... 0 0 0],o
1458,[0 0 0 ... 0 0 0],o
1459,[0 0 0 ... 0 0 0],o
1460,[0 0 0 ... 0 0 0],o
1461,[0 0 0 ... 0 0 0],o
1462,[0 0 0 ... 0 0 0],o
1463,[0 0 0 ... 0 0 0],o
1464,[0 0 0 ... 0 0 0],o
1465,[0 0 0 ... 0 0 0],h
1466,[0 0 0 ... 0 0 0],h
1467,[0 0 0 ... 0 0 0],h
1468,[0 0 0 ... 0 0 0],h
1469,[0 0 0 ... 0 0 0],h
1470,[0 0 0 ... 0 0 0],h
1471,[0 0 0 ... 0 0 0],h
1472,[0 0 0 ... 0 0 0],h
1473,[0 0 0 ... 0 0 0],h
1474,[0 0 0 ... 0 0 0],h
1475,[0 0 0 ... 0 0 0],h
1476,[0 0 0 ... 0 0 0],h
1477,[0 0 0 ... 0 0 0],h
1478,[0 0 0 ... 0 0 0],h
1479,[0 0 0 ... 0 0 0],h
1480,[0 0 0 ... 0 0 0],h
1481,[0 0 0 ... 0 0 0],h
1482,[0 0 0 ... 0 0 0],h
1483,[0 0 0 ... 0 0 0],h
1484,[0 0 0 ... 0 0 0],h
1485,[0 0 0 ... 0 0 0],h
1486,[0 0 0 ... 0 0 0],h
1487,[0 0 0 ... 0 0 0],h
1488,[0 0 0 ... 0 0 0],h
1489,[0 0 0 ... 0 0 0],h
1490,[0 0 0 ... 0 0 0],h
1491,[0 0 0 ... 0 0 0],h
1492,[0 0 0 ... 0 0 0],h
1493,[0 0 0 ... 0 0 0],h
1494,[0 0 0 ... 0 0 0],h
1495,[0 0 0 ... 0 0 0],h
1496,[0 0 0 ... 0 0 0],h
1497,[0 0 0 ... 0 0 0],h
1498,[0 0 0 ... 0 0 0],h
1499,[0 0 0 ... 0 0 0],h
1500,[0 0 0 ... 0 0 0],h
1501,[0 0 0 ... 0 0 0],h
1502,[0 0 0 ... 0 0 0],h
1503,[0 0 0 ... 0 0 0],h
1504,[0 0 0 ... 0 0 0],h
1505,[0 0 0 ... 0 0 0],h
1506,[0 0 0 ... 0 0 0],h
1507,[0 0 0 ... 0 0 0],h
1508,[0 0 0 ... 0 0 0],h
1509,[0 0 0 ... 0 0 0],h
1510,[0 0 0 ... 0 0 0],h
1511,[0 0 0 ... 0 0 0],h
1512,[0 0 0 ... 0 0 0],h
1513,[0 0 0 ... 0 0 0],h
1514,[0 0 0 ... 0 0 0],h
1515,[0 0 0 ... 0 0 0],h
1516,[0 0 0 ... 0 0 0],h
1517,[0 0 0 ... 0 0 0],h
1518,[0 0 0 ... 0 0 0],h
1519,[0 0 0 ... 0 0 0],h
1520,[0 0 0 ... 0 0 0],h
1521,[0 0 0 ... 0 0 0],h
1522,[0 0 0 ... 0 0 0],h
1523,[0 0 0 ... 0 0 0],h
1524,[0 0 0 ... 0 0 0],h
1525,[0 0 0 ... 0 0 0],h
1526,[0 0 0 ... 0 0 0],h
1527,[0 0 0 ... 0 0 0],h
1528,[0 0 0 ... 0 0 0],h
1529,[0 0 0 ... 0 0 0],h
1530,[0 0 0 ... 0 0 0],h
1531,[0 0 0 ... 0 0 0],h
1532,[0 0 0 ... 0 0 0],h
1533,[0 0 0 ... 0 0 0],h
1534,[0 0 0 ... 0 0 0],h
1535,[0 0 0 ... 0 0 0],m
1536,[0 0 0 ... 0 0 0],m
1537,[0 0 0 ... 0 0 0],m
1538,[0 0 0 ... 0 0 0],m
1539,[0 0 0 ... 0 0 0],m
1540,[0 0 0 ... 0 0 0],m
1541,[0 0 0 ... 0 0 0],m
1542,[0 0 0 ... 0 0 0],m
1543,[0 0 0 ... 0 0 0],m
1544,[0 0 0 ... 0 0 0],m
1545,[0 0 0 ... 0 0 0],m
1546,[0 0 0 ... 0 0 0],m
1547,[0 0 0 ... 0 0 0],m
1548,[0 0 0 ... 0 0 0],m
1549,[0 0 0 ... 0 0 0],m
1550,[0 0 0 ... 0 0 0],m
1551,[0 0 0 ... 0 0 0],m
1552,[0 0 0 ... 0 0 0],m
1553,[0 0 0 ... 0 0 0],m
1554,[0 0 0 ... 0 0 0],m
1555,[0 0 0 ... 0 0 0],m
1556,[0 0 0 ... 0 0 0],m
1557,[0 0 0 ... 0 0 0],m
1558,[0 0 0 ... 0 0 0],m
1559,[0 0 0 ... 0 0 0],m
1560,[0 0 0 ... 0 0 0],m
1561,[0 0 0 ... 0 0 0],m
1562,[0 0 0 ... 0 0 0],m
1563,[0 0 0 ... 0 0 0],m
1564,[0 0 0 ... 0 0 0],m
1565,[0 0 0 ... 0 0 0],m
1566,[0 0 0 ... 0 0 0],m
1567,[0 0 0 ... 0 0 0],m
1568,[0 0 0 ... 0 0 0],m
1569,[0 0 0 ... 0 0 0],m
1570,[0 0 0 ... 0 0 0],m
1571,[0 0 0 ... 0 0 0],m
1572,[0 0 0 ... 0 0 0],m
1573,[0 0 0 ... 0 0 0],m
1574,[0 0 0 ... 0 0 0],m
1575,[0 0 0 ... 0 0 0],m
1576,[0 0 0 ... 0 0 0],m
1577,[0 0 0 ... 0 0 0],m
1578,[0 0 0 ... 0 0 0],m
1579,[0 0 0 ... 0 0 0],m
1580,[0 0 0 ... 0 0 0],m
1581,[0 0 0 ... 0 0 0],m
1582,[0 0 0 ... 0 0 0],m
1583,[0 0 0 ... 0 0 0],m
1584,[0 0 0 ... 0 0 0],m
1585,[0 0 0 ... 0 0 0],m
1586,[0 0 0 ... 0 0 0],m
1587,[0 0 0 ... 0 0 0],m
1588,[0 0 0 ... 0 0 0],m
1589,[0 0 0 ... 0 0 0],m
1590,[0 0 0 ... 0 0 0],m
1591,[0 0 0 ... 0 0 0],m
1592,[0 0 0 ... 0 0 0],m
1593,[0 0 0 ... 0 0 0],m
1594,[0 0 0 ... 0 0 0],m
1595,[0 0 0 ... 0 0 0],m
1596,[0 0 0 ... 0 0 0],m
1597,[0 0 0 ... 0 0 0],m
1598,[0 0 0 ... 0 0 0],m
1599,[0 0 0 ... 0 0 0],m
1600,[0 0 0 ... 0 0 0],m
1601,[0 0 0 ... 0 0 0],m
1602,[0 0 0 ... 0 0 0],m
1603,[0 0 0 ... 0 0 0],m
1604,[0 0 0 ... 0 0 0],m
1605,[0 0 0 ... 0 0 0],j
1606,[0 0 0 ... 0 0 0],j
1607,[0 0 0 ... 0 0 0],j
1608,[0 0 0 ... 0 0 0],j
1609,[0 0 0 ... 0 0 0],j
1610,[  9 110 162 ...   0   0   0],j
1611,[0 0 0 ... 0 0 0],j
1612,[0 0 0 ... 0 0 0],j
1613,[0 0 0 ... 0 0 0],j
1614,[0 0 0 ... 0 0 0],j
1615,[0 0 0 ... 0 0 0],j
1616,[0 0 0 ... 0 0 0],j
1617,[  2  68 112 ...   0   0   0],j
1618,[ 21 139 166 ...   0   0   0],j
1619,[0 0 0 ... 0 0 0],j
1620,[0 0 0 ... 0 0 0],j
1621,[0 0 0 ... 0 0 0],j
1622,[ 0  0  0 ... 27  0  0],j
1623,[0 0 0 ... 0 0 0],j
1624,[0 0 0 ... 0 0 0],j
1625,[0 0 1 ... 0 0 0],j
1626,[0 0 1 ... 0 0 0],j
1627,[0 0 0 ... 0 0 0],j
1628,[0 0 0 ... 0 0 0],j
1629,[0 0 0 ... 0 0 0],j
1630,[0 0 0 ... 0 0 0],j
1631,[0 0 0 ... 0 0 0],j
1632,[0 0 0 ... 0 0 0],j
1633,[0 0 0 ... 0 0 0],j
1634,[0 0 0 ... 0 0 0],j
1635,[0 0 0 ... 0 0 0],j
1636,[0 0 0 ... 0 0 0],j
1637,[0 0 0 ... 0 0 0],j
1638,[0 0 0 ... 0 0 0],j
1639,[0 0 0 ... 0 0 0],j
1640,[0 0 0 ... 0 0 0],j
1641,[0 0 1 ... 0 0 0],j
1642,[ 0 10 29 ...  0  0  0],j
1643,[0 0 0 ... 0 0 0],j
1644,[0 0 0 ... 0 0 0],j
1645,[0 0 0 ... 0 0 0],j
1646,[ 0 16 52 ...  0  0  0],j
1647,[0 0 0 ... 0 0 0],j
1648,[0 0 0 ... 0 0 0],j
1649,[0 0 0 ... 0 0 0],j
1650,[0 0 0 ... 0 0 0],j
1651,[0 0 0 ... 0 0 0],j
1652,[0 0 0 ... 0 0 0],j
1653,[0 0 0 ... 0 0 0],j
1654,[0 0 0 ... 0 0 0],j
1655,[0 0 0 ... 0 0 0],j
1656,[0 0 0 ... 0 0 0],j
1657,[0 0 0 ... 0 0 0],j
1658,[0 0 0 ... 0 0 0],j
1659,[0 0 0 ... 0 0 0],j
1660,[  0  32 141 ...   0   0   0],j
1661,[ 18 146 170 ...   0   0   0],j
1662,[0 0 0 ... 0 0 0],j
1663,[0 0 0 ... 0 0 0],j
1664,[0 0 0 ... 0 0 0],j
1665,[0 0 0 ... 0 0 0],j
1666,[0 0 0 ... 0 0 0],j
1667,[0 0 0 ... 0 0 0],j
1668,[0 0 0 ... 0 0 0],j
1669,[ 40 156 168 ...   0   0   0],j
1670,[ 0 10 19 ...  0  0  0],j
1671,[0 0 0 ... 0 0 0],j
1672,[0 0 0 ... 0 0 0],j
1673,[0 0 0 ... 0 0 0],j
1674,[0 0 0 ... 0 0 0],j
1675,[0 0 0 ... 0 0 0],c
1676,[0 0 0 ... 0 0 0],c
1677,[0 0 0 ... 0 0 0],c
1678,[0 0 0 ... 0 0 0],c
1679,[0 0 0 ... 0 0 0],c
1680,[0 0 0 ... 0 0 0],c
1681,[0 0 0 ... 0 0 0],c
1682,[0 0 0 ... 0 0 0],c
1683,[0 0 0 ... 0 0 0],c
1684,[0 0 0 ... 0 0 0],c
1685,[0 0 0 ... 0 0 0],c
1686,[0 0 0 ... 0 0 0],c
1687,[0 0 0 ... 0 0 0],c
1688,[0 0 0 ... 0 0 0],c
1689,[0 0 0 ... 0 0 0],c
1690,[0 0 0 ... 0 0 0],c
1691,[0 0 0 ... 0 0 0],c
1692,[0 0 0 ... 0 0 0],c
1693,[0 0 0 ... 0 0 0],c
1694,[0 0 0 ... 0 0 0],c
1695,[0 0 0 ... 0 0 0],c
1696,[0 0 0 ... 0 0 0],c
1697,[0 0 0 ... 0 0 0],c
1698,[0 0 0 ... 0 0 0],c
1699,[0 0 0 ... 0 0 0],c
1700,[0 0 0 ... 0 0 0],c
1701,[0 0 0 ... 0 0 0],c
1702,[0 0 0 ... 0 0 0],c
1703,[0 0 0 ... 0 0 0],c
1704,[0 0 0 ... 0 0 0],c
1705,[0 0 0 ... 0 0 0],c
1706,[0 0 0 ... 0 0 0],c
1707,[0 0 0 ... 0 0 0],c
1708,[0 0 0 ... 0 0 0],c
1709,[0 0 0 ... 0 0 0],c
1710,[0 0 0 ... 0 0 0],c
1711,[0 0 0 ... 0 0 0],c
1712,[0 0 0 ... 0 0 0],c
1713,[0 0 0 ... 0 0 0],c
1714,[0 0 0 ... 0 0 0],c
1715,[0 0 0 ... 0 0 0],c
1716,[0 0 0 ... 0 0 0],c
1717,[0 0 0 ... 0 0 0],c
1718,[0 0 0 ... 0 0 0],c
1719,[0 0 0 ... 0 0 0],c
1720,[0 0 0 ... 0 0 0],c
1721,[0 0 0 ... 0 0 0],c
1722,[0 0 0 ... 0 0 0],c
1723,[0 0 0 ... 0 0 0],c
1724,[0 0 0 ... 0 0 0],c
1725,[0 0 0 ... 0 0 0],c
1726,[0 0 0 ... 0 0 0],c
1727,[0 0 0 ... 0 0 0],c
1728,[0 0 0 ... 0 0 0],c
1729,[0 0 0 ... 0 0 0],c
1730,[0 0 0 ... 0 0 0],c
1731,[0 0 0 ... 0 0 0],c
1732,[0 0 0 ... 0 0 0],c
1733,[0 0 0 ... 0 0 0],c
1734,[0 0 0 ... 0 0 0],c
1735,[0 0 0 ... 0 0 0],c
1736,[0 0 0 ... 0 0 0],c
1737,[0 0 0 ... 0 0 0],c
1738,[0 0 0 ... 0 0 0],c
1739,[0 0 0 ... 0 0 0],c
1740,[0 0 0 ... 0 0 0],c
1741,[0 0 0 ... 0 0 0],c
1742,[0 0 0 ... 0 0 0],c
1743,[0 0 0 ... 0 0 0],c
1744,[0 0 0 ... 0 0 0],c
1745,[0 0 0 ... 0 0 0],d
1746,[0 0 0 ... 0 0 0],d
1747,[0 0 0 ... 0 0 0],d
1748,[0 0 0 ... 0 0 0],d
1749,[0 0 0 ... 0 0 0],d
1750,[0 0 0 ... 0 0 0],d
1751,[0 0 0 ... 0 0 0],d
1752,[0 0 0 ... 0 0 0],d
1753,[0 0 0 ... 0 0 0],d
1754,[0 0 0 ... 0 0 0],d
1755,[0 0 0 ... 0 0 0],d
1756,[0 0 0 ... 0 0 0],d
1757,[0 0 0 ... 0 0 0],d
1758,[0 0 0 ... 0 0 0],d
1759,[0 0 0 ... 0 0 0],d
1760,[0 0 0 ... 0 0 0],d
1761,[0 0 0 ... 0 0 0],d
1762,[0 0 0 ... 0 0 0],d
1763,[0 0 0 ... 0 0 0],d
1764,[0 0 0 ... 0 0 0],d
1765,[0 0 0 ... 0 0 0],d
1766,[0 0 0 ... 0 0 0],d
1767,[0 0 0 ... 0 0 0],d
1768,[0 0 0 ... 0 0 0],d
1769,[0 0 0 ... 0 0 0],d
1770,[0 0 0 ... 0 0 0],d
1771,[0 0 0 ... 0 0 0],d
1772,[0 0 0 ... 0 0 0],d
1773,[0 0 0 ... 0 0 0],d
1774,[0 0 0 ... 0 0 0],d
1775,[0 0 0 ... 0 0 0],d
1776,[0 0 0 ... 0 0 0],d
1777,[0 0 0 ... 0 0 0],d
1778,[0 0 0 ... 0 0 0],d
1779,[0 0 0 ... 0 0 0],d
1780,[0 0 0 ... 0 0 0],d
1781,[0 0 0 ... 0 0 0],d
1782,[0 0 0 ... 0 0 0],d
1783,[0 0 0 ... 0 0 0],d
1784,[0 0 0 ... 0 0 0],d
1785,[0 0 0 ... 0 0 0],d
1786,[0 0 0 ... 0 0 0],d
1787,[0 0 0 ... 0 0 0],d
1788,[0 0 0 ... 0 0 0],d
1789,[0 0 0 ... 0 0 0],d
1790,[0 0 0 ... 0 0 0],d
1791,[0 0 0 ... 0 0 0],d
1792,[0 0 0 ... 0 0 0],d
1793,[0 0 0 ... 0 0 0],d
1794,[0 0 0 ... 0 0 0],d
1795,[0 0 0 ... 0 0 0],d
1796,[0 0 0 ... 0 0 0],d
1797,[0 0 0 ... 0 0 0],d
1798,[0 0 0 ... 0 0 0],d
1799,[0 0 0 ... 0 0 0],d
1800,[0 0 0 ... 0 0 0],d
1801,[0 0 0 ... 0 0 0],d
1802,[0 0 0 ... 0 0 0],d
1803,[0 0 0 ... 0 0 0],d
1804,[0 0 0 ... 0 0 0],d
1805,[0 0 0 ... 0 0 0],d
1806,[0 0 0 ... 0 0 0],d
1807,[0 0 0 ... 0 0 0],d
1808,[0 0 0 ... 0 0 0],d
1809,[0 0 0 ... 0 0 0],d
1810,[0 0 0 ... 0 0 0],d
1811,[0 0 0 ... 0 0 0],d
1812,[0 0 0 ... 0 0 0],d
1813,[0 0 0 ... 0 0 0],d
1814,[0 0 0 ... 0 0 0],d
1815,[0 0 0 ... 0 0 0],v
1816,[0 0 0 ... 0 0 0],v
1817,[0 0 0 ... 0 0 0],v
1818,[0 0 0 ... 0 0 0],v
1819,[0 0 0 ... 0 0 0],v
1820,[0 0 0 ... 0 0 0],v
1821,[0 0 0 ... 0 0 0],v
1822,[0 0 0 ... 0 0 0],v
1823,[0 0 0 ... 0 0 0],v
1824,[0 0 0 ... 0 0 0],v
1825,[0 0 0 ... 0 0 0],v
1826,[0 0 0 ... 0 0 0],v
1827,[0 0 0 ... 0 0 0],v
1828,[0 0 0 ... 0 0 0],v
1829,[0 0 0 ... 0 0 0],v
1830,[0 0 0 ... 0 0 0],v
1831,[0 0 0 ... 0 0 0],v
1832,[0 0 0 ... 0 0 0],v
1833,[0 0 0 ... 0 0 0],v
1834,[0 0 0 ... 0 0 0],v
1835,[0 0 0 ... 0 0 0],v
1836,[0 0 0 ... 0 0 0],v
1837,[0 0 0 ... 0 0 0],v
1838,[0 0 0 ... 0 0 0],v
1839,[0 0 0 ... 0 0 0],v
1840,[0 0 0 ... 0 0 0],v
1841,[0 0 0 ... 0 0 0],v
1842,[0 0 0 ... 0 0 0],v
1843,[0 0 0 ... 0 0 0],v
1844,[0 0 0 ... 0 0 0],v
1845,[0 0 0 ... 0 0 0],v
1846,[0 0 0 ... 0 0 0],v
1847,[0 0 0 ... 0 0 0],v
1848,[0 0 0 ... 0 0 0],v
1849,[0 0 0 ... 0 0 0],v
1850,[0 0 0 ... 0 0 0],v
1851,[0 0 0 ... 0 0 0],v
1852,[0 0 0 ... 0 0 0],v
1853,[0 0 0 ... 0 0 0],v
1854,[0 0 0 ... 0 0 0],v
1855,[0 0 0 ... 0 0 0],v
1856,[0 0 0 ... 0 0 0],v
1857,[0 0 0 ... 0 0 0],v
1858,[0 0 0 ... 0 0 0],v
1859,[0 0 0 ... 0 0 0],v
1860,[0 0 0 ... 0 0 0],v
1861,[0 0 0 ... 0 0 0],v
1862,[0 0 0 ... 0 0 0],v
1863,[0 0 0 ... 0 0 0],v
1864,[0 0 0 ... 0 0 0],v
1865,[0 0 0 ... 0 0 0],v
1866,[0 0 0 ... 0 0 0],v
1867,[0 0 0 ... 0 0 0],v
1868,[0 0 0 ... 0 0 0],v
1869,[0 0 0 ... 0 0 0],v
1870,[0 0 0 ... 0 0 0],v
1871,[0 0 0 ... 0 0 0],v
1872,[0 0 0 ... 0 0 0],v
1873,[0 0 0 ... 0 0 0],v
1874,[0 0 0 ... 0 0 0],v
1875,[0 0 0 ... 0 0 0],v
1876,[0 0 0 ... 0 0 0],v
1877,[0 0 0 ... 0 0 0],v
1878,[0 0 0 ... 0 0 0],v
1879,[0 0 0 ... 0 0 0],v
1880,[0 0 0 ... 0 0 0],v
1881,[0 0 0 ... 0 0 0],v
1882,[0 0 0 ... 0 0 0],v
1883,[0 0 0 ... 0 0 0],v
1884,[0 0 0 ... 0 0 0],v
1885,[0 0 0 ... 0 0 0],q
1886,[0 0 0 ... 0 0 0],q
1887,[0 0 0 ... 0 0 0],q
1888,[0 0 0 ... 0 0 0],q
1889,[0 0 0 ... 0 0 0],q
1890,[0 0 0 ... 0 0 0],q
1891,[0 0 0 ... 0 0 0],q
1892,[0 0 0 ... 0 0 0],q
1893,[0 0 0 ... 0 0 0],q
1894,[0 0 0 ... 0 0 0],q
1895,[0 0 0 ... 0 0 0],q
1896,[0 0 0 ... 0 0 0],q
1897,[0 0 0 ... 0 0 0],q
1898,[0 0 0 ... 0 0 0],q
1899,[0 0 0 ... 0 0 0],q
1900,[0 0 0 ... 0 0 0],q
1901,[0 0 0 ... 0 0 0],q
1902,[0 0 0 ... 0 0 0],q
1903,[0 0 0 ... 0 0 0],q
1904,[0 0 0 ... 0 0 0],q
1905,[0 0 0 ... 0 0 0],q
1906,[0 0 0 ... 0 0 0],q
1907,[0 0 0 ... 0 0 0],q
1908,[0 0 0 ... 0 0 0],q
1909,[0 0 0 ... 0 0 0],q
1910,[0 0 0 ... 0 0 0],q
1911,[0 0 0 ... 0 0 0],q
1912,[0 0 0 ... 0 0 0],q
1913,[0 0 0 ... 0 0 0],q
1914,[0 0 0 ... 0 0 0],q
1915,[0 0 0 ... 0 0 0],q
1916,[0 0 0 ... 0 0 0],q
1917,[0 0 0 ... 0 0 0],q
1918,[0 0 0 ... 0 0 0],q
1919,[0 0 0 ... 0 0 0],q
1920,[0 0 0 ... 0 0 0],q
1921,[0 0 0 ... 0 0 0],q
1922,[0 0 0 ... 0 0 0],q
1923,[0 0 0 ... 0 0 0],q
1924,[0 0 0 ... 0 0 0],q
1925,[0 0 0 ... 0 0 0],q
1926,[0 0 0 ... 0 0 0],q
1927,[0 0 0 ... 0 0 0],q
1928,[0 0 0 ... 0 0 0],q
1929,[0 0 0 ... 0 0 0],q
1930,[0 0 0 ... 0 0 0],q
1931,[0 0 0 ... 0 0 0],q
1932,[0 0 0 ... 0 0 0],q
1933,[0 0 0 ... 0 0 0],q
1934,[0 0 0 ... 0 0 0],q
1935,[0 0 0 ... 0 0 0],q
1936,[0 0 0 ... 0 0 0],q
1937,[0 0 0 ... 0 0 0],q
1938,[0 0 0 ... 0 0 0],q
1939,[0 0 0 ... 0 0 0],q
1940,[0 0 0 ... 0 0 0],q
1941,[0 0 0 ... 0 0 0],q
1942,[0 0 0 ... 0 0 0],q
1943,[0 0 0 ... 0 0 0],q
1944,[0 0 0 ... 0 0 0],q
1945,[0 0 0 ... 0 0 0],q
1946,[0 0 0 ... 0 0 0],q
1947,[0 0 0 ... 0 0 0],q
1948,[0 0 0 ... 0 0 0],q
1949,[0 0 0 ... 0 0 0],q
1950,[0 0 0 ... 0 0 0],q
1951,[0 0 0 ... 0 0 0],q
1952,[0 0 0 ... 0 0 0],q
1953,[0 0 0 ... 0 0 0],q
1954,[0 0 0 ... 0 0 0],q
1955,[0 0 0 ... 0 0 0],x
1956,[0 0 0 ... 0 0 0],x
1957,[0 0 0 ... 0 0 0],x
1958,[0 0 0 ... 0 0 0],x
1959,[0 0 0 ... 0 0 0],x
1960,[0 0 0 ... 0 0 0],x
1961,[0 0 0 ... 0 0 0],x
1962,[0 0 0 ... 0 0 0],x
1963,[0 0 0 ... 0 0 0],x
1964,[0 0 0 ... 0 0 0],x
1965,[0 0 0 ... 0 0 0],x
1966,[0 0 0 ... 0 0 0],x
1967,[0 0 0 ... 0 0 0],x
1968,[0 0 0 ... 0 0 0],x
1969,[0 0 0 ... 0 0 0],x
1970,[0 0 0 ... 0 0 0],x
1971,[0 0 0 ... 0 0 0],x
1972,[0 0 0 ... 0 0 0],x
1973,[0 0 0 ... 0 0 0],x
1974,[0 0 0 ... 0 0 0],x
1975,[0 0 0 ... 0 0 0],x
1976,[0 0 0 ... 0 0 0],x
1977,[0 0 0 ... 0 0 0],x
1978,[0 0 0 ... 0 0 0],x
1979,[0 0 0 ... 0 0 0],x
1980,[0 0 0 ... 0 0 0],x
1981,[0 0 0 ... 0 0 0],x
1982,[0 0 0 ... 0 0 0],x
1983,[0 0 0 ... 0 0 0],x
1984,[0 0 0 ... 0 0 0],x
1985,[0 0 0 ... 0 0 0],x
1986,[0 0 0 ... 0 0 0],x
1987,[0 0 0 ... 0 0 0],x
1988,[0 0 0 ... 0 0 0],x
1989,[0 0 0 ... 0 0 0],x
1990,[0 0 0 ... 0 0 0],x
1991,[0 0 0 ... 0 0 0],x
1992,[0 0 0 ... 0 0 0],x
1993,[0 0 0 ... 0 0 0],x
1994,[0 0 0 ... 0 0 0],x
1995,[0 0 0 ... 0 0 0],x
1996,[0 0 0 ... 0 0 0],x
1997,[0 0 0 ... 0 0 0],x
1998,[0 0 0 ... 0 0 0],x
1999,[0 0 0 ... 0 0 0],x
2000,[0 0 0 ... 0 0 0],x
2001,[0 0 0 ... 0 0 0],x
2002,[0 0 0 ... 0 0 0],x
2003,[0 0 0 ... 0 0 0],x
2004,[0 0 0 ... 0 0 0],x
2005,[0 0 0 ... 0 0 0],x
2006,[0 0 0 ... 0 0 0],x
2007,[0 0 0 ... 0 0 0],x
2008,[0 0 0 ... 0 0 0],x
2009,[0 0 0 ... 0 0 0],x
2010,[0 0 0 ... 0 0 0],x
2011,[0 0 0 ... 0 0 0],x
2012,[0 0 0 ... 0 0 0],x
2013,[0 0 0 ... 0 0 0],x
2014,[0 0 0 ... 0 0 0],x
2015,[0 0 0 ... 0 0 0],x
2016,[0 0 0 ... 0 0 0],x
2017,[0 0 0 ... 0 0 0],x
2018,[0 0 0 ... 0 0 0],x
2019,[0 0 0 ... 0 0 0],x
2020,[0 0 0 ... 0 0 0],x
2021,[0 0 0 ... 0 0 0],x
2022,[0 0 0 ... 0 0 0],x
2023,[0 0 0 ... 0 0 0],x
2024,[0 0 0 ... 0 0 0],x
2025,[0 0 0 ... 0 0 0],e
2026,[0 0 0 ... 0 0 0],e
2027,[0 0 0 ... 0 0 0],e
2028,[0 0 0 ... 0 0 0],e
2029,[0 0 0 ... 0 0 0],e
2030,[0 0 0 ... 0 0 0],e
2031,[0 0 0 ... 0 0 0],e
2032,[0 0 0 ... 0 0 0],e
2033,[0 0 0 ... 0 0 0],e
2034,[0 0 0 ... 0 0 0],e
2035,[0 0 0 ... 0 0 0],e
2036,[0 0 0 ... 0 0 0],e
2037,[0 0 0 ... 0 0 0],e
2038,[0 0 0 ... 0 0 0],e
2039,[0 0 0 ... 0 0 0],e
2040,[0 0 0 ... 0 0 0],e
2041,[0 0 0 ... 0 0 0],e
2042,[0 0 0 ... 0 0 0],e
2043,[0 0 0 ... 0 0 0],e
2044,[0 0 0 ... 0 0 0],e
2045,[0 0 0 ... 0 0 0],e
2046,[0 0 0 ... 0 0 0],e
2047,[0 0 0 ... 0 0 0],e
2048,[0 0 0 ... 0 0 0],e
2049,[0 0 0 ... 0 0 0],e
2050,[0 0 0 ... 0 0 0],e
2051,[0 0 0 ... 0 0 0],e
2052,[0 0 0 ... 0 0 0],e
2053,[0 0 0 ... 0 0 0],e
2054,[0 0 0 ... 0 0 0],e
2055,[0 0 0 ... 0 0 0],e
2056,[0 0 0 ... 0 0 0],e
2057,[0 0 0 ... 0 0 0],e
2058,[0 0 0 ... 0 0 0],e
2059,[0 0 0 ... 0 0 0],e
2060,[0 0 0 ... 0 0 0],e
2061,[0 0 0 ... 0 0 0],e
2062,[0 0 0 ... 0 0 0],e
2063,[0 0 0 ... 0 0 0],e
2064,[0 0 0 ... 0 0 0],e
2065,[0 0 0 ... 0 0 0],e
2066,[0 0 0 ... 0 0 0],e
2067,[0 0 0 ... 0 0 0],e
2068,[0 0 0 ... 0 0 0],e
2069,[0 0 0 ... 0 0 0],e
2070,[0 0 0 ... 0 0 0],e
2071,[0 0 0 ... 0 0 0],e
2072,[0 0 0 ... 0 0 0],e
2073,[0 0 0 ... 0 0 0],e
2074,[0 0 0 ... 0 0 0],e
2075,[0 0 0 ... 0 0 0],e
2076,[0 0 0 ... 0 0 0],e
2077,[0 0 0 ... 0 0 0],e
2078,[0 0 0 ... 0 0 0],e
2079,[0 0 0 ... 0 0 0],e
2080,[0 0 0 ... 0 0 0],e
2081,[0 0 0 ... 0 0 0],e
2082,[0 0 0 ... 0 0 0],e
2083,[0 0 0 ... 0 0 0],e
2084,[0 0 0 ... 0 0 0],e
2085,[0 0 0 ... 0 0 0],e
2086,[0 0 0 ... 0 0 0],e
2087,[0 0 0 ... 0 0 0],e
2088,[0 0 0 ... 0 0 0],e
2089,[0 0 0 ... 0 0 0],e
2090,[0 0 0 ... 0 0 0],e
2091,[0 0 0 ... 0 0 0],e
2092,[0 0 0 ... 0 0 0],e
2093,[0 0 0 ... 0 0 0],e
2094,[0 0 0 ... 0 0 0],e
2095,[0 0 0 ... 0 0 0],b
2096,[0 0 0 ... 0 0 0],b
2097,[0 0 0 ... 0 0 0],b
2098,[0 0 0 ... 0 0 0],b
2099,[0 0 0 ... 0 0 0],b
2100,[0 0 0 ... 0 0 0],b
2101,[0 0 0 ... 0 0 0],b
2102,[0 0 0 ... 0 0 0],b
2103,[0 0 0 ... 0 0 0],b
2104,[0 0 0 ... 0 0 0],b
2105,[0 0 0 ... 0 0 0],b
2106,[0 0 0 ... 0 0 0],b
2107,[0 0 0 ... 0 0 0],b
2108,[0 0 0 ... 0 0 0],b
2109,[0 0 0 ... 0 0 0],b
2110,[0 0 0 ... 0 0 0],b
2111,[0 0 0 ... 0 0 0],b
2112,[0 0 0 ... 0 0 0],b
2113,[0 0 0 ... 0 0 0],b
2114,[0 0 0 ... 0 0 0],b
2115,[0 0 0 ... 0 0 0],b
2116,[0 0 0 ... 0 0 0],b
2117,[0 0 0 ... 0 0 0],b
2118,[0 0 0 ... 0 0 0],b
2119,[0 0 0 ... 0 0 0],b
2120,[0 0 0 ... 0 0 0],b
2121,[0 0 0 ... 0 0 0],b
2122,[0 0 0 ... 0 0 0],b
2123,[0 0 0 ... 0 0 0],b
2124,[0 0 0 ... 0 0 0],b
2125,[0 0 0 ... 0 0 0],b
2126,[0 0 0 ... 0 0 0],b
2127,[0 0 0 ... 0 0 0],b
2128,[0 0 0 ... 0 0 0],b
2129,[0 0 0 ... 0 0 0],b
2130,[0 0 0 ... 0 0 0],b
2131,[0 0 0 ... 0 0 0],b
2132,[0 0 0 ... 0 0 0],b
2133,[0 0 0 ... 0 0 0],b
2134,[0 0 0 ... 0 0 0],b
2135,[0 0 0 ... 0 0 0],b
2136,[0 0 0 ... 0 0 0],b
2137,[0 0 0 ... 0 0 0],b
2138,[0 0 0 ... 0 0 0],b
2139,[0 0 0 ... 0 0 0],b
2140,[0 0 0 ... 0 0 0],b
2141,[0 0 0 ... 0 0 0],b
2142,[0 0 0 ... 0 0 0],b
2143,[0 0 0 ... 0 0 0],b
2144,[0 0 0 ... 0 0 0],b
2145,[0 0 0 ... 0 0 0],b
2146,[0 0 0 ... 0 0 0],b
2147,[0 0 0 ... 0 0 0],b
2148,[0 0 0 ... 0 0 0],b
2149,[0 0 0 ... 0 0 0],b
2150,[0 0 0 ... 0 0 0],b
2151,[0 0 0 ... 0 0 0],b
2152,[0 0 0 ... 0 0 0],b
2153,[0 0 0 ... 0 0 0],b
2154,[0 0 0 ... 0 0 0],b
2155,[0 0 0 ... 0 0 0],b
2156,[0 0 0 ... 0 0 0],b
2157,[0 0 0 ... 0 0 0],b
2158,[0 0 0 ... 0 0 0],b
2159,[0 0 0 ... 0 0 0],b
2160,[0 0 0 ... 0 0 0],b
2161,[0 0 0 ... 0 0 0],b
2162,[0 0 0 ... 0 0 0],b
2163,[0 0 0 ... 0 0 0],b
2164,[0 0 0 ... 0 0 0],b
2165,[0 0 0 ... 0 0 0],k
2166,[0 0 0 ... 0 0 0],k
2167,[0 0 0 ... 0 0 0],k
2168,[0 0 0 ... 0 0 0],k
2169,[0 0 0 ... 0 0 0],k
2170,[0 0 0 ... 0 0 0],k
2171,[0 0 0 ... 0 0 0],k
2172,[0 0 0 ... 0 0 0],k
2173,[0 0 0 ... 0 0 0],k
2174,[0 0 0 ... 0 0 0],k
2175,[0 0 0 ... 0 0 0],k
2176,[0 0 0 ... 0 0 0],k
2177,[0 0 0 ... 0 0 0],k
2178,[0 0 0 ... 0 0 0],k
2179,[0 0 0 ... 0 0 0],k
2180,[0 0 0 ... 0 0 0],k
2181,[0 0 0 ... 0 0 0],k
2182,[0 0 0 ... 0 0 0],k
2183,[0 0 0 ... 0 0 0],k
2184,[0 0 0 ... 0 0 0],k
2185,[0 0 0 ... 0 0 0],k
2186,[0 0 0 ... 0 0 0],k
2187,[0 0 0 ... 0 0 0],k
2188,[0 0 0 ... 0 0 0],k
2189,[0 0 0 ... 0 0 0],k
2190,[0 0 0 ... 0 0 0],k
2191,[0 0 0 ... 0 0 0],k
2192,[0 0 0 ... 0 0 0],k
2193,[0 0 0 ... 0 0 0],k
2194,[0 0 0 ... 0 0 0],k
2195,[0 0 0 ... 0 0 0],k
2196,[0 0 0 ... 0 0 0],k
2197,[0 0 0 ... 0 0 0],k
2198,[0 0 0 ... 0 0 0],k
2199,[0 0 0 ... 0 0 0],k
2200,[0 0 0 ... 0 0 0],k
2201,[0 0 0 ... 0 0 0],k
2202,[0 0 0 ... 0 0 0],k
2203,[0 0 0 ... 0 0 0],k
2204,[0 0 0 ... 0 0 0],k
2205,[0 0 0 ... 0 0 0],k
2206,[0 0 0 ... 0 0 0],k
2207,[0 0 0 ... 0 0 0],k
2208,[0 0 0 ... 0 0 0],k
2209,[0 0 0 ... 0 0 0],k
2210,[0 0 0 ... 0 0 0],k
2211,[0 0 0 ... 0 0 0],k
2212,[0 0 0 ... 0 0 0],k
2213,[0 0 0 ... 0 0 0],k
2214,[0 0 0 ... 0 0 0],k
2215,[0 0 0 ... 0 0 0],k
2216,[0 0 0 ... 0 0 0],k
2217,[0 0 0 ... 0 0 0],k
2218,[0 0 0 ... 0 0 0],k
2219,[0 0 0 ... 0 0 0],k
2220,[0 0 0 ... 0 0 0],k
2221,[0 0 0 ... 0 0 0],k
2222,[0 0 0 ... 0 0 0],k
2223,[0 0 0 ... 0 0 0],k
2224,[0 0 0 ... 0 0 0],k
2225,[0 0 0 ... 0 0 0],k
2226,[0 0 0 ... 0 0 0],k
2227,[0 0 0 ... 0 0 0],k
2228,[0 0 0 ... 0 0 0],k
2229,[0 0 0 ... 0 0 0],k
2230,[0 0 0 ... 0 0 0],k
2231,[0 0 0 ... 0 0 0],k
2232,[0 0 0 ... 0 0 0],k
2233,[0 0 0 ... 0 0 0],k
2234,[0 0 0 ... 0 0 0],k
2235,[0 0 0 ... 0 0 0],l
2236,[0 0 0 ... 0 0 0],l
2237,[0 0 0 ... 0 0 0],l
2238,[0 0 0 ... 0 0 0],l
2239,[0 0 0 ... 0 0 0],l
2240,[0 0 0 ... 0 0 0],l
2241,[0 0 0 ... 0 0 0],l
2242,[0 0 0 ... 0 0 0],l
2243,[0 0 0 ... 0 0 0],l
2244,[0 0 0 ... 0 0 0],l
2245,[0 0 0 ... 0 0 0],l
2246,[0 0 0 ... 0 0 0],l
2247,[0 0 0 ... 0 0 0],l
2248,[0 0 0 ... 0 0 0],l
2249,[0 0 0 ... 0 0 0],l
2250,[0 0 0 ... 0 0 0],l
2251,[0 0 0 ... 0 0 0],l
2252,[0 0 0 ... 0 0 0],l
2253,[0 0 0 ... 0 0 0],l
2254,[0 0 0 ... 0 0 0],l
2255,[0 0 0 ... 0 0 0],l
2256,[0 0 0 ... 0 0 0],l
2257,[0 0 0 ... 0 0 0],l
2258,[0 0 0 ... 0 0 0],l
2259,[0 0 0 ... 0 0 0],l
2260,[0 0 0 ... 0 0 0],l
2261,[0 0 0 ... 0 0 0],l
2262,[0 0 0 ... 0 0 0],l
2263,[0 0 0 ... 0 0 0],l
2264,[0 0 0 ... 0 0 0],l
2265,[0 0 0 ... 0 0 0],l
2266,[0 0 0 ... 0 0 0],l
2267,[0 0 0 ... 0 0 0],l
2268,[0 0 0 ... 0 0 0],l
2269,[0 0 0 ... 0 0 0],l
2270,[0 0 0 ... 0 0 0],l
2271,[0 0 0 ... 0 0 0],l
2272,[0 0 0 ... 0 0 0],l
2273,[0 0 0 ... 0 0 0],l
2274,[0 0 0 ... 0 0 0],l
2275,[0 0 0 ... 0 0 0],l
2276,[0 0 0 ... 0 0 0],l
2277,[0 0 0 ... 0 0 0],l
2278,[0 0 0 ... 0 0 0],l
2279,[0 0 0 ... 0 0 0],l
2280,[0 0 0 ... 0 0 0],l
2281,[0 0 0 ... 0 0 0],l
2282,[0 0 0 ... 0 0 0],l
2283,[0 0 0 ... 0 0 0],l
2284,[0 0 0 ... 0 0 0],l
2285,[0 0 0 ... 0 0 0],l
2286,[0 0 0 ... 0 0 0],l
2287,[0 0 0 ... 0 0 0],l
2288,[0 0 0 ... 0 0 0],l
2289,[0 0 0 ... 0 0 0],l
2290,[0 0 0 ... 0 0 0],l
2291,[0 0 0 ... 0 0 0],l
2292,[0 0 0 ... 0 0 0],l
2293,[0 0 0 ... 0 0 0],l
2294,[0 0 0 ... 0 0 0],l
2295,[0 0 0 ... 0 0 0],l
2296,[0 0 0 ... 0 0 0],l
2297,[0 0 0 ... 0 0 0],l
2298,[0 0 0 ... 0 0 0],l
2299,[0 0 0 ... 0 0 0],l
2300,[0 0 0 ... 0 0 0],l
2301,[0 0 0 ... 0 0 0],l
2302,[0 0 0 ... 0 0 0],l
2303,[0 0 0 ... 0 0 0],l
2304,[0 0 0 ... 0 0 0],l
2305,[ 26 119 105 ...   0   0   0],y
2306,[0 0 0 ... 0 0 0],y
2307,[ 17  98 103 ...   0   0   0],y
2308,[ 29 138 143 ...   0   0   0],y
2309,[ 49 149 141 ...   0   0   0],y
2310,[0 0 0 ... 0 0 0],y
2311,[  0  55 132 ...   0   0   0],y
2312,[  0  86 158 ...   0   0   0],y
2313,[ 39 146 145 ...   0   0   0],y
2314,[  0  95 170 ...   0   0   0],y
2315,[  6 105 155 ...   0   0   0],y
2316,[  0  45 152 ...   0   0   0],y
2317,[ 18 126 158 ...   0   0   0],y
2318,[  0  12 150 ...   0   0   0],y
2319,[0 0 0 ... 0 0 0],y
2320,[ 42 153 152 ...   0   0   0],y
2321,[0 0 3 ... 0 0 0],y
2322,[  0  36 175 ...   0   0   0],y
2323,[  0  19 145 ...   0   0   0],y
2324,[0 0 0 ... 0 0 0],y
2325,[0 0 0 ... 0 0 0],y
2326,[0 0 0 ... 0 0 0],y
2327,[0 0 0 ... 0 0 0],y
2328,[ 19 147 158 ...   0   0   0],y
2329,[  1  83 147 ...   0   0   0],y
2330,[  9 105 156 ...   0   0   0],y
2331,[0 0 0 ... 0 0 0],y
2332,[0 0 0 ... 0 0 0],y
2333,[0 0 0 ... 0 0 0],y
2334,[  0  51 144 ...   0   0   0],y
2335,[  0  46 173 ...   0   0   0],y
2336,[0 0 0 ... 0 0 0],y
2337,[ 26 144 153 ...   0   0   0],y
2338,[ 29 131 146 ...   0   0   0],y
2339,[  0  10 134 ...   0   0   0],y
2340,[ 40 156 150 ...   0   0   0],y
2341,[0 0 0 ... 0 0 0],y
2342,[0 0 0 ... 0 0 0],y
2343,[0 0 0 ... 0 0 0],y
2344,[ 24 142 153 ...   0   0   0],y
2345,[ 17 120 156 ...   0   0   0],y
2346,[  0   5 105 ...   0   0   0],y
2347,[0 0 0 ... 0 0 0],y
2348,[ 38 147 150 ...   0   0   0],y
2349,[ 19 124 148 ...   0   0   0],y
2350,[0 0 0 ... 0 0 0],y
2351,[0 0 0 ... 0 0 0],y
2352,[0 0 0 ... 0 0 0],y
2353,[  0  95 200 ...   0   0   0],y
2354,[0 2 2 ... 0 0 0],y
2355,[0 2 3 ... 0 0 0],y
2356,[0 0 0 ... 0 0 0],y
2357,[0 0 0 ... 0 0 0],y
2358,[ 0 15 20 ...  0  0  0],y
2359,[0 0 0 ... 0 0 0],y
2360,[0 0 0 ... 0 0 0],y
2361,[0 0 0 ... 0 0 0],y
2362,[ 52 150 146 ...   0   0   0],y
2363,[0 0 0 ... 0 0 0],y
2364,[0 0 0 ... 0 0 0],y
2365,[ 0 12 13 ...  0  0  0],y
2366,[0 0 0 ... 0 0 0],y
2367,[0 0 0 ... 0 0 0],y
2368,[0 2 2 ... 0 0 0],y
2369,[0 0 0 ... 0 0 0],y
2370,[0 0 0 ... 0 0 0],y
2371,[0 0 0 ... 0 0 0],y
2372,[0 0 0 ... 0 0 0],y
2373,[  0  59 161 ...   0   0   0],y
2374,[ 20 136 154 ...   0   0   0],y
2375,[0 0 0 ... 0 0 0],p
2376,[0 0 0 ... 0 0 0],p
2377,[0 0 0 ... 0 0 0],p
2378,[0 0 0 ... 0 0 0],p
2379,[0 0 0 ... 0 0 0],p
2380,[0 0 0 ... 0 0 0],p
2381,[0 0 0 ... 0 0 0],p
2382,[0 0 0 ... 0 0 0],p
2383,[0 0 0 ... 0 0 0],p
2384,[0 0 0 ... 0 0 0],p
2385,[0 0 0 ... 0 0 0],p
2386,[0 0 0 ... 0 0 0],p
2387,[0 0 0 ... 0 0 0],p
2388,[0 0 0 ... 0 0 0],p
2389,[0 0 0 ... 0 0 0],p
2390,[0 0 0 ... 0 0 0],p
2391,[0 0 0 ... 0 0 0],p
2392,[0 0 0 ... 0 0 0],p
2393,[0 0 0 ... 0 0 0],p
2394,[0 0 0 ... 0 0 0],p
2395,[0 0 0 ... 0 0 0],p
2396,[0 0 0 ... 0 0 0],p
2397,[0 0 0 ... 0 0 0],p
2398,[0 0 0 ... 0 0 0],p
2399,[0 0 0 ... 0 0 0],p
2400,[0 0 0 ... 0 0 0],p
2401,[0 0 0 ... 0 0 0],p
2402,[0 0 0 ... 0 0 0],p
2403,[0 0 0 ... 0 0 0],p
2404,[0 0 0 ... 0 0 0],p
2405,[0 0 0 ... 0 0 0],p
2406,[0 0 0 ... 0 0 0],p
2407,[0 0 0 ... 0 0 0],p
2408,[0 0 0 ... 0 0 0],p
2409,[0 0 0 ... 0 0 0],p
2410,[0 0 0 ... 0 0 0],p
2411,[0 0 0 ... 0 0 0],p
2412,[0 0 0 ... 0 0 0],p
2413,[0 0 0 ... 0 0 0],p
2414,[0 0 0 ... 0 0 0],p
2415,[0 0 0 ... 0 0 0],p
2416,[0 0 0 ... 0 0 0],p
2417,[0 0 0 ... 0 0 0],p
2418,[0 0 0 ... 0 0 0],p
2419,[0 0 0 ... 0 0 0],p
2420,[0 0 0 ... 0 0 0],p
2421,[0 0 0 ... 0 0 0],p
2422,[0 0 0 ... 0 0 0],p
2423,[0 0 0 ... 0 0 0],p
2424,[0 0 0 ... 0 0 0],p
2425,[0 0 0 ... 0 0 0],p
2426,[0 0 0 ... 0 0 0],p
2427,[0 0 0 ... 0 0 0],p
2428,[0 0 0 ... 0 0 0],p
2429,[0 0 0 ... 0 0 0],p
2430,[0 0 0 ... 0 0 0],p
2431,[0 0 0 ... 0 0 0],p
2432,[0 0 0 ... 0 0 0],p
2433,[0 0 0 ... 0 0 0],p
2434,[0 0 0 ... 0 0 0],p
2435,[0 0 0 ... 0 0 0],p
2436,[0 0 0 ... 0 0 0],p
2437,[0 0 0 ... 0 0 0],p
2438,[0 0 0 ... 0 0 0],p
2439,[0 0 0 ... 0 0 0],p
2440,[0 0 0 ... 0 0 0],p
2441,[0 0 0 ... 0 0 0],p
2442,[0 0 0 ... 0 0 0],p
2443,[0 0 0 ... 0 0 0],p
2444,[0 0 0 ... 0 0 0],p
2445,[0 0 0 ... 0 0 0],w
2446,[0 0 0 ... 0 0 0],w
2447,[0 0 0 ... 0 0 0],w
2448,[0 0 0 ... 0 0 0],w
2449,[0 0 0 ... 0 0 0],w
2450,[0 0 0 ... 0 0 0],w
2451,[0 0 0 ... 0 0 0],w
2452,[0 0 0 ... 0 0 0],w
2453,[0 0 0 ... 0 0 0],w
2454,[0 0 0 ... 0 0 0],w
2455,[0 0 0 ... 0 0 0],w
2456,[0 0 0 ... 0 0 0],w
2457,[0 0 0 ... 0 0 0],w
2458,[0 0 0 ... 0 0 0],w
2459,[0 0 0 ... 0 0 0],w
2460,[0 0 0 ... 0 0 0],w
2461,[0 0 0 ... 0 0 0],w
2462,[0 0 0 ... 0 0 0],w
2463,[0 0 0 ... 0 0 0],w
2464,[0 0 0 ... 0 0 0],w
2465,[0 0 0 ... 0 0 0],w
2466,[0 0 0 ... 0 0 0],w
2467,[0 0 0 ... 0 0 0],w
2468,[0 0 0 ... 0 0 0],w
2469,[0 0 0 ... 0 0 0],w
2470,[0 0 0 ... 0 0 0],w
2471,[0 0 0 ... 0 0 0],w
2472,[0 0 0 ... 0 0 0],w
2473,[0 0 0 ... 0 0 0],w
2474,[0 0 0 ... 0 0 0],w
2475,[0 0 0 ... 0 0 0],w
2476,[0 0 0 ... 0 0 0],w
2477,[0 0 0 ... 0 0 0],w
2478,[0 0 0 ... 0 0 0],w
2479,[0 0 0 ... 0 0 0],w
2480,[0 0 0 ... 0 0 0],w
2481,[0 0 0 ... 0 0 0],w
2482,[0 0 0 ... 0 0 0],w
2483,[0 0 0 ... 0 0 0],w
2484,[0 0 0 ... 0 0 0],w
2485,[0 0 0 ... 0 0 0],w
2486,[0 0 0 ... 0 0 0],w
2487,[0 0 0 ... 0 0 0],w
2488,[0 0 0 ... 0 0 0],w
2489,[0 0 0 ... 0 0 0],w
2490,[0 0 0 ... 0 0 0],w
2491,[0 0 0 ... 0 0 0],w
2492,[0 0 0 ... 0 0 0],w
2493,[0 0 0 ... 0 0 0],w
2494,[0 0 0 ... 0 0 0],w
2495,[0 0 0 ... 0 0 0],w
2496,[0 0 0 ... 0 0 0],w
2497,[0 0 0 ... 0 0 0],w
2498,[0 0 0 ... 0 0 0],w
2499,[0 0 0 ... 0 0 0],w
2500,[0 0 0 ... 0 0 0],w
2501,[0 0 0 ... 0 0 0],w
2502,[0 0 0 ... 0 0 0],w
2503,[0 0 0 ... 0 0 0],w
2504,[0 0 0 ... 0 0 0],w
2505,[0 0 0 ... 0 0 0],w
2506,[0 0 0 ... 0 0 0],w
2507,[0 0 0 ... 0 0 0],w
2508,[0 0 0 ... 0 0 0],w
2509,[0 0 0 ... 0 0 0],w
2510,[0 0 0 ... 0 0 0],w
2511,[0 0 0 ... 0 0 0],w
2512,[0 0 0 ... 0 0 0],w
2513,[0 0 0 ... 0 0 0],w
2514,[0 0 0 ... 0 0 0],w
